--
-- Script was generated by Devart dbForge Studio 2019 for MySQL, Version 8.2.23.0
-- Product home page: http://www.devart.com/dbforge/mysql/studio
-- Script date 8/17/2022 9:26:22 PM
-- Server version: 8.0.13
-- Client version: 4.1
--

-- 
-- Disable foreign keys
-- 
/*!40014 SET @OLD_FOREIGN_KEY_CHECKS=@@FOREIGN_KEY_CHECKS, FOREIGN_KEY_CHECKS=0 */;

-- 
-- Set SQL mode
-- 
/*!40101 SET @OLD_SQL_MODE=@@SQL_MODE, SQL_MODE='NO_AUTO_VALUE_ON_ZERO' */;

-- 
-- Set character set the client will use to send SQL statements to the server
--
SET NAMES 'utf8';

--
-- Set default database
--
USE misa_web06_tndanh;

--
-- Drop procedure `Proc_AddTeacherEquimentRoom`
--
DROP PROCEDURE IF EXISTS Proc_AddTeacherEquimentRoom;

--
-- Drop procedure `Proc_DeleteTeacherByID`
--
DROP PROCEDURE IF EXISTS Proc_DeleteTeacherByID;

--
-- Drop procedure `Proc_DeleteTeacherEquimentRoomByID`
--
DROP PROCEDURE IF EXISTS Proc_DeleteTeacherEquimentRoomByID;

--
-- Drop procedure `Proc_GetAllTeacher`
--
DROP PROCEDURE IF EXISTS Proc_GetAllTeacher;

--
-- Drop procedure `Proc_GetPaging`
--
DROP PROCEDURE IF EXISTS Proc_GetPaging;

--
-- Drop procedure `Proc_GetTeacherByID`
--
DROP PROCEDURE IF EXISTS Proc_GetTeacherByID;

--
-- Drop table `teacherequimentroom`
--
DROP TABLE IF EXISTS teacherequimentroom;

--
-- Drop table `equimentroom`
--
DROP TABLE IF EXISTS equimentroom;

--
-- Drop procedure `Proc_AddNewTeacherSubject`
--
DROP PROCEDURE IF EXISTS Proc_AddNewTeacherSubject;

--
-- Drop procedure `Proc_DeleteTeacherSubjectByTeacherID`
--
DROP PROCEDURE IF EXISTS Proc_DeleteTeacherSubjectByTeacherID;

--
-- Drop table `teachersubject`
--
DROP TABLE IF EXISTS teachersubject;

--
-- Drop table `subject`
--
DROP TABLE IF EXISTS subject;

--
-- Drop procedure `Proc_AddNewTeacher`
--
DROP PROCEDURE IF EXISTS Proc_AddNewTeacher;

--
-- Drop procedure `Proc_UpdateNewTeacher`
--
DROP PROCEDURE IF EXISTS Proc_UpdateNewTeacher;

--
-- Drop table `teacher`
--
DROP TABLE IF EXISTS teacher;

--
-- Drop table `department`
--
DROP TABLE IF EXISTS department;

--
-- Set default database
--
USE misa_web06_tndanh;

--
-- Create table `department`
--
CREATE TABLE department (
  DepartmentID int(3) NOT NULL AUTO_INCREMENT COMMENT 'ID của tổ bộ môn',
  DepartmentName varchar(255) NOT NULL DEFAULT '' COMMENT 'tên tổ bộ môn',
  CreatedBy varchar(255) DEFAULT NULL COMMENT 'người tạo',
  CreatedDate datetime DEFAULT NULL COMMENT 'ngày tạo',
  ModifyBy varchar(255) DEFAULT NULL COMMENT 'người tạo',
  ModifyDate datetime DEFAULT NULL COMMENT 'ngày chỉnh sửa',
  PRIMARY KEY (DepartmentID),
  UNIQUE INDEX UK_Department_DepartmentID (DepartmentID)
)
ENGINE = INNODB,
AUTO_INCREMENT = 11,
AVG_ROW_LENGTH = 2048,
CHARACTER SET utf8,
COLLATE utf8_general_ci;

--
-- Create index `UK_Department_DepartmentName` on table `department`
--
ALTER TABLE department
ADD UNIQUE INDEX UK_Department_DepartmentName (DepartmentName);

--
-- Create table `teacher`
--
CREATE TABLE teacher (
  TeacherID char(36) NOT NULL COMMENT 'ID của giáo viên',
  TeacherCode varchar(20) NOT NULL DEFAULT '' COMMENT 'mã nhân viên của giáo viên',
  FullName varchar(100) NOT NULL DEFAULT '' COMMENT 'tên của giáo viên',
  Email varchar(100) DEFAULT NULL COMMENT 'email của giáo viên',
  PhoneNumber varchar(50) DEFAULT NULL COMMENT 'số điện thoại của giáo viên',
  DepartmentID int(3) NOT NULL COMMENT 'ID của tổ hợp môn',
  IsProfessionalQualifications tinyint(4) DEFAULT NULL COMMENT 'trình độ nghiệp vụ của giáo viên',
  IsWorking tinyint(4) DEFAULT NULL COMMENT 'tình trạng công việc của giáo viên',
  DayOff date DEFAULT NULL COMMENT 'ngày nghỉ việc của giáo viên',
  CreatedBy varchar(255) DEFAULT NULL COMMENT 'Tạo ra bởi ai',
  CreatedDate datetime DEFAULT NULL COMMENT 'Ngày tạo thông tin',
  ModifiedBy varchar(255) DEFAULT NULL COMMENT 'Thông tin chỉnh sửa bơi ai',
  ModifiedDate datetime DEFAULT NULL COMMENT 'Ngày chỉnh sửa thông tin',
  PRIMARY KEY (TeacherID)
)
ENGINE = INNODB,
AVG_ROW_LENGTH = 325,
CHARACTER SET utf8,
COLLATE utf8_general_ci;

--
-- Create index `IDX_Teacher_DepartmentID` on table `teacher`
--
ALTER TABLE teacher
ADD INDEX IDX_Teacher_DepartmentID (DepartmentID);

--
-- Create index `IDX_Teacher_Email` on table `teacher`
--
ALTER TABLE teacher
ADD INDEX IDX_Teacher_Email (Email);

--
-- Create index `IDX_Teacher_FullName` on table `teacher`
--
ALTER TABLE teacher
ADD INDEX IDX_Teacher_FullName (FullName);

--
-- Create index `IDX_Teacher_PhoneNumber` on table `teacher`
--
ALTER TABLE teacher
ADD INDEX IDX_Teacher_PhoneNumber (PhoneNumber);

--
-- Create index `UK_Teacher_TeacherCode` on table `teacher`
--
ALTER TABLE teacher
ADD UNIQUE INDEX UK_Teacher_TeacherCode (TeacherCode);

--
-- Create foreign key
--
ALTER TABLE teacher
ADD CONSTRAINT FK_Teacher_DepartmentID FOREIGN KEY (DepartmentID)
REFERENCES department (departmentid);

DELIMITER $$

--
-- Create procedure `Proc_UpdateNewTeacher`
--
CREATE DEFINER = 'root'@'localhost'
PROCEDURE Proc_UpdateNewTeacher (IN teacherID char(36), IN teacherCode varchar(20), IN fullName varchar(100), IN email varchar(100), IN phoneNumber varchar(50), IN departmentID int, IN isProfessionalQualifications int, IN isWorking int, IN dayOff date)
BEGIN
  UPDATE Teacher t
  SET t.TeacherCode = teacherCode,
      t.FullName = fullName,
      t.Email = email,
      t.PhoneNumber = phoneNumber,
      t.DepartmentID = departmentID,
      t.IsProfessionalQualifications = isProfessionalQualifications,
      t.IsWorking = isWorking,
      t.DayOff = dayOff,
      t.ModifiedDate = CURDATE()
  WHERE t.TeacherID = teacherID;
END
$$

--
-- Create procedure `Proc_AddNewTeacher`
--
CREATE DEFINER = 'root'@'localhost'
PROCEDURE Proc_AddNewTeacher (IN teacherID char(36), IN teacherCode varchar(20), IN fullName varchar(100), IN email varchar(100), IN phoneNumber varchar(50), IN departmentID char(36), IN isProfessionalQualifications int, IN dayOff datetime, IN isWorking int)
BEGIN
  -- Thêm các thông tin của giáo viên mới vào bảng Teacher
  INSERT Teacher (TeacherID, TeacherCode, FullName, Email, PhoneNumber, DepartmentID, IsProfessionalQualifications, IsWorking, DayOff, CreatedBy, CreatedDate, ModifiedBy, ModifiedDate)
    VALUES (teacherID, teacherCode, fullName, email, phoneNumber, departmentID, isProfessionalQualifications, isWorking, dayOff, '', NOW(), '', NOW());
END
$$

DELIMITER ;

--
-- Create table `subject`
--
CREATE TABLE subject (
  SubjectID int(3) NOT NULL AUTO_INCREMENT COMMENT 'ID của môn học',
  SubjectName varchar(255) NOT NULL DEFAULT '' COMMENT 'tên môn học',
  CreatedBy varchar(255) DEFAULT NULL COMMENT 'tên người tạo',
  CreatedDate datetime DEFAULT NULL COMMENT 'ngày tạo',
  ModifiedBy varchar(255) DEFAULT NULL COMMENT 'người chỉnh sửa',
  ModifiedDate datetime DEFAULT NULL COMMENT 'ngày chỉnh sửa',
  PRIMARY KEY (SubjectID),
  UNIQUE INDEX UK_Subject_SubjectID (SubjectID)
)
ENGINE = INNODB,
AVG_ROW_LENGTH = 1365,
CHARACTER SET utf8,
COLLATE utf8_general_ci;

--
-- Create index `UK_Subject_SubjectName` on table `subject`
--
ALTER TABLE subject
ADD UNIQUE INDEX UK_Subject_SubjectName (SubjectName);

--
-- Create table `teachersubject`
--
CREATE TABLE teachersubject (
  TeacherSubjectID char(36) NOT NULL COMMENT 'ID của giáo viên_môn học',
  TeacherID char(36) NOT NULL COMMENT 'ID của giáo viên',
  SubjectID int(3) NOT NULL COMMENT 'ID của môn học',
  PRIMARY KEY (TeacherSubjectID)
)
ENGINE = INNODB,
AVG_ROW_LENGTH = 190,
CHARACTER SET utf8,
COLLATE utf8_general_ci;

--
-- Create index `FK_TeacherSubject_TeacherID2` on table `teachersubject`
--
ALTER TABLE teachersubject
ADD INDEX FK_TeacherSubject_TeacherID2 (TeacherID);

--
-- Create foreign key
--
ALTER TABLE teachersubject
ADD CONSTRAINT FK_TeacherSubject_SubjectID FOREIGN KEY (SubjectID)
REFERENCES subject (subjectid) ON DELETE CASCADE ON UPDATE CASCADE;

--
-- Create foreign key
--
ALTER TABLE teachersubject
ADD CONSTRAINT FK_TeacherSubject_TeacherID FOREIGN KEY (TeacherID)
REFERENCES teacher (teacherid) ON DELETE CASCADE ON UPDATE CASCADE;

DELIMITER $$

--
-- Create procedure `Proc_DeleteTeacherSubjectByTeacherID`
--
CREATE DEFINER = 'root'@'localhost'
PROCEDURE Proc_DeleteTeacherSubjectByTeacherID (IN teacherID char(36))
BEGIN
  DELETE
    FROM TeacherSubject
  WHERE TeacherSubject.TeacherID = teacherID;
END
$$

--
-- Create procedure `Proc_AddNewTeacherSubject`
--
CREATE DEFINER = 'root'@'localhost'
PROCEDURE Proc_AddNewTeacherSubject (IN teacherSubjectID char(36), IN teacherID char(36), IN subjectID int)
BEGIN
  -- Thêm môn học vào bảng TeacherSubject khi chọn ds các môn học của giáo viên đó
  INSERT TeacherSubject (TeacherSubjectID, TeacherID, SubjectID)
    VALUES (teacherSubjectID, teacherID, subjectID);
END
$$

DELIMITER ;

--
-- Create table `equimentroom`
--
CREATE TABLE equimentroom (
  EquimentRoomID int(3) NOT NULL AUTO_INCREMENT,
  EquimentRoomName varchar(255) NOT NULL COMMENT 'tên phòng thiết bị',
  CreatedBy varchar(255) DEFAULT NULL COMMENT 'người tạo',
  CreatedDate datetime DEFAULT NULL COMMENT 'ngày tạo',
  ModifiedBy varchar(255) DEFAULT NULL COMMENT 'người sửa',
  ModifiedDate datetime DEFAULT NULL COMMENT 'ngày sửa',
  PRIMARY KEY (EquimentRoomID),
  UNIQUE INDEX UK_EquimentRoom_EquimentRoomID (EquimentRoomID)
)
ENGINE = INNODB,
AUTO_INCREMENT = 8,
AVG_ROW_LENGTH = 2730,
CHARACTER SET utf8,
COLLATE utf8_general_ci;

--
-- Create index `UK_EquimentRoom_EquimentRoomName` on table `equimentroom`
--
ALTER TABLE equimentroom
ADD UNIQUE INDEX UK_EquimentRoom_EquimentRoomName (EquimentRoomName);

--
-- Create table `teacherequimentroom`
--
CREATE TABLE teacherequimentroom (
  TeacherEquimentRoomID char(36) NOT NULL COMMENT 'ID của giáo viên_phòng thiết bị',
  TeacherID char(36) NOT NULL DEFAULT '' COMMENT 'ID của giáo viên',
  EquimentRoomID int(3) NOT NULL COMMENT 'ID của phòng thiết bị',
  PRIMARY KEY (TeacherEquimentRoomID)
)
ENGINE = INNODB,
AVG_ROW_LENGTH = 528,
CHARACTER SET utf8,
COLLATE utf8_general_ci;

--
-- Create foreign key
--
ALTER TABLE teacherequimentroom
ADD CONSTRAINT FK_TeacherEquimentRoom_EquimentRoomID FOREIGN KEY (EquimentRoomID)
REFERENCES equimentroom (equimentroomid) ON DELETE CASCADE ON UPDATE CASCADE;

--
-- Create foreign key
--
ALTER TABLE teacherequimentroom
ADD CONSTRAINT FK_TeacherEquimentRoom_TeacherID FOREIGN KEY (TeacherID)
REFERENCES teacher (teacherid) ON DELETE CASCADE ON UPDATE CASCADE;

DELIMITER $$

--
-- Create procedure `Proc_GetTeacherByID`
--
CREATE DEFINER = 'root'@'localhost'
PROCEDURE Proc_GetTeacherByID (IN teacherID char(36))
BEGIN
  -- Lấy tất cả thông tin của giáo viên qua teacherID
  SELECT DISTINCT
    teacherID,
    t.TeacherCode,
    t.FullName,
    t.Email,
    t.PhoneNumber,
    t.IsProfessionalQualifications,
    t.IsWorking,
    t.DayOff,
    s.SubjectID,
    s.SubjectName,
    er.EquimentRoomID,
    er.EquimentRoomName,
    t.DepartmentID,
    d.DepartmentID,
    d.DepartmentName
  FROM Teacher t
    LEFT JOIN TeacherSubject ts
      ON t.TeacherID = ts.TeacherID
    LEFT JOIN Subject s
      ON ts.SubjectID = s.SubjectID
    LEFT JOIN TeacherEquimentRoom ter
      ON t.TeacherID = ter.TeacherID
    LEFT JOIN EquimentRoom er
      ON ter.EquimentRoomID = er.EquimentRoomID
    LEFT JOIN Department d
      ON t.DepartmentID = d.DepartmentID
  WHERE t.TeacherID = teacherID;
END
$$

--
-- Create procedure `Proc_GetPaging`
--
CREATE DEFINER = 'root'@'localhost'
PROCEDURE Proc_GetPaging (IN pageSize int, IN pageNumber int, IN search varchar(255), OUT totalRecord int, OUT totalPage int)
BEGIN
  # Lấy dữ liệu của teacher cho vào bảng tạm tbTeacherFilter
  DROP TEMPORARY TABLE IF EXISTS tbTeacherFilter;

  CREATE TEMPORARY TABLE tbTeacherFilter AS (SELECT DISTINCT
      t.TeacherID,
      t.TeacherCode,
      t.FullName,
      t.Email,
      t.PhoneNumber,
      t.IsProfessionalQualifications,
      t.IsWorking,
      t.DayOff,
      GROUP_CONCAT(DISTINCT s.SubjectName ORDER BY s.SubjectName DESC SEPARATOR ', ') SubjectName,
      GROUP_CONCAT(DISTINCT er.EquimentRoomName ORDER BY er.EquimentRoomName DESC SEPARATOR ', ') Room,
      d.DepartmentName
    FROM Teacher t
      LEFT JOIN TeacherSubject ts
        ON t.TeacherID = ts.TeacherID
      LEFT JOIN Subject s
        ON ts.SubjectID = s.SubjectID
      LEFT JOIN TeacherEquimentRoom ter
        ON t.TeacherID = ter.TeacherID
      LEFT JOIN EquimentRoom er
        ON ter.EquimentRoomID = er.EquimentRoomID
      LEFT JOIN Department d
        ON t.DepartmentID = d.DepartmentID
    WHERE (search IS NULL)
    OR t.FullName LIKE CONCAT('%', search, '%')
    OR t.TeacherCode LIKE CONCAT('%', search, '%')
    GROUP BY t.TeacherID
    ORDER BY t.TeacherCode DESC);

  SET totalRecord = (SELECT
      COUNT(1)
    FROM tbTeacherFilter);
  SET totalPage = CEIL(totalRecord / pageSize);
  SET pageNumber = (pageNumber - 1) * pageSize;

  SELECT
    *
  FROM tbTeacherFilter LIMIT pageSize OFFSET pageNumber;
END
$$

--
-- Create procedure `Proc_GetAllTeacher`
--
CREATE DEFINER = 'root'@'localhost'
PROCEDURE Proc_GetAllTeacher ()
BEGIN
  -- Lấy ra tất cả thông tin về teacher
  SELECT DISTINCT
    t.TeacherID,
    t.TeacherCode,
    t.FullName,
    t.Email,
    t.PhoneNumber,
    t.IsProfessionalQualifications,
    t.IsWorking,
    t.DayOff,
    GROUP_CONCAT(DISTINCT s.SubjectName ORDER BY s.SubjectName DESC SEPARATOR ', ') SubjectName,
    GROUP_CONCAT(DISTINCT er.EquimentRoomName ORDER BY er.EquimentRoomName DESC SEPARATOR ', ') Room,
    d.DepartmentName
  FROM Teacher t
    LEFT JOIN TeacherSubject ts
      ON t.TeacherID = ts.TeacherID
    LEFT JOIN Subject s
      ON ts.SubjectID = s.SubjectID
    LEFT JOIN TeacherEquimentRoom ter
      ON t.TeacherID = ter.TeacherID
    LEFT JOIN EquimentRoom er
      ON ter.EquimentRoomID = er.EquimentRoomID
    LEFT JOIN Department d
      ON t.DepartmentID = d.DepartmentID
  GROUP BY t.TeacherID
  ORDER BY t.TeacherCode DESC;
END
$$

--
-- Create procedure `Proc_DeleteTeacherEquimentRoomByID`
--
CREATE DEFINER = 'root'@'localhost'
PROCEDURE Proc_DeleteTeacherEquimentRoomByID (IN teacherID char(36))
BEGIN
  DELETE
    FROM TeacherEquimentRoom
  WHERE TeacherEquimentRoom.TeacherID = teacherID;
END
$$

--
-- Create procedure `Proc_DeleteTeacherByID`
--
CREATE DEFINER = 'root'@'localhost'
PROCEDURE Proc_DeleteTeacherByID (IN teacherID char(36))
BEGIN

  DELETE
    FROM TeacherEquimentRoom
  WHERE TeacherEquimentRoom.TeacherID = teacherID;
  -- Xóa giáo viên qua teacherID
  DELETE
    FROM Teacher
  WHERE Teacher.TeacherID = teacherID;
END
$$

--
-- Create procedure `Proc_AddTeacherEquimentRoom`
--
CREATE DEFINER = 'root'@'localhost'
PROCEDURE Proc_AddTeacherEquimentRoom (IN teacherEquimentRoomID char(36), IN teacherID char(36), IN equimentRoomID int)
BEGIN
  -- Thêm thông tin EquimentRoom của giáo viên vào bảng TeacherEquimentRoom
  INSERT TeacherEquimentRoom (TeacherEquimentRoomID, TeacherID, EquimentRoomID)
    VALUES (teacherEquimentRoomID, teacherID, equimentRoomID);
END
$$

DELIMITER ;

-- 
-- Dumping data for table department
--
INSERT INTO department VALUES
(1, 'Tổ Sử - Địa - GDCD', 'Nguyễn Tuấn Mạnh', '1970-01-01 00:07:13', 'Nguyễn Tuấn Mạnh', '1970-01-01 00:00:04'),
(2, 'Tổ Toán - Tin', 'Nguyễn Thị Ngọc', '1982-11-19 08:53:03', 'Nguyễn Thị Ngọc', '2001-07-02 17:07:24'),
(3, 'Tổ Thể Dục - Âm nhạc - Mĩ thuật', 'Mai Thái Cường', '2016-10-25 12:23:35', 'Mai Thái Cường', '1970-01-01 00:00:08'),
(4, 'Tổ Anh Văn', 'Mai Diễm Loan', '2010-06-09 05:36:08', 'Mai Diễm Loan', '2003-10-21 02:28:22'),
(5, 'Tổ Ngữ văn', 'Nguyễn Thị Ly', '1974-03-26 12:53:47', 'Nguyễn Thị Ly', '1971-04-23 16:29:04'),
(6, 'Tổ Lý - Công nghệ', 'Nông Thị Giang', '2007-06-14 22:06:50', 'Nông Thị Giang', '1985-06-10 09:20:30'),
(7, 'Tổ Hóa - Sinh', 'Nguyễn Ngọc Hiếu', '1994-08-28 23:31:29', 'Nguyễn Ngọc Hiếu', '1977-05-29 01:14:17'),
(8, 'P.Văn phòng', 'Nguyễn Thái Cường', '2018-05-10 11:38:57', 'Nguyễn Thái Cường', '1976-03-05 08:26:10'),
(9, 'Văn phòng', '', '2022-08-10 01:50:54', '', '2022-08-10 01:50:54'),
(10, 'Phòng ăn trưa', '', '2022-08-10 10:46:56', '', '2022-08-10 10:46:56');

-- 
-- Dumping data for table subject
--
INSERT INTO subject VALUES
(1, 'Giáo dục CD', 'Nguyễn Ngọc Hương', '1989-06-22 10:31:48', 'Lê Thị Diễm', '1989-07-11 05:02:07'),
(2, 'Mỹ thuật', 'Võ Mai Diễm', NULL, 'Nguyễn Thị Diễm', '1980-01-14 23:24:12'),
(3, 'Ngoại ngữ', 'Nguyễn Tuấn Thanh', '1975-09-12 19:54:10', 'Nguyễn Minh Thanh', '2021-01-24 09:25:59'),
(4, 'Vật lý', 'Trân Văn Minh', '1970-01-01 01:19:23', 'Nông Ngọc Cường', '1972-02-29 09:51:52'),
(5, 'Toán', 'Nguyễn Diễm Mai', '1984-03-25 23:01:18', 'Hoàng Minh Thành', '2002-03-28 04:03:49'),
(6, 'Sinh học', 'Nguyễn Mai Lệ', '1971-05-12 15:11:44', 'Nguyễn Thái Bằng', '1984-12-28 12:31:56'),
(7, 'Hóa học', 'Lê Thị Giang', '1984-03-26 15:45:04', 'Nguyễn Mai Hân', '1998-02-23 22:11:18'),
(8, 'Ngữ văn', 'Nguyễn Thị Diễm', '1987-02-20 13:55:40', 'Mai Thái Hoàng', '2011-03-08 01:56:49'),
(9, 'Địa lý', 'Nguyễn Minh Mạnh', '2018-07-29 03:14:11', 'Nguyễn Thị Hân', '1970-01-01 00:08:53'),
(10, 'Thể dục', 'Nguyễn Ngọc Linh', '1986-05-10 19:24:48', 'Bùi Ngọc Trường', '1970-01-01 00:04:54'),
(11, 'Lịch sử', 'Nông Văn Cường', '2005-04-27 03:10:53', 'Nông Minh Trường', '1983-05-27 18:25:57'),
(12, 'Âm nhạc (Cổ điển)', 'Bùi Ngọc Hân', '1970-01-01 00:00:07', 'Mai Tuấn Trường', NULL),
(13, 'Cổ cầm', '', '2022-08-10 11:30:49', '', '2022-08-10 11:30:49');

-- 
-- Dumping data for table teacher
--
INSERT INTO teacher VALUES
('01d92886-c52c-472a-88b2-d1f4e2606d37', 'SHCB3299', 'Nguyễn Minh Minh', 'nguyenminhminh@gmail.com', '092190307564', 6, 1, 1, '2017-07-06', 'Nguyễn Thị Linh', '1970-01-01 00:00:10', 'Nguyễn Thị Linh', '2022-08-10 00:00:00'),
('0334f465-6eaa-47bf-806e-08e0f95380b1', 'SHCB3449', 'Nông Minh Thành', 'Ngọc Hương@gmail.com', '09092360101', 5, 1, 0, '2000-11-24', 'Trân Tuấn Thái', '1970-01-01 00:00:35', 'Hoàng Mai Hân', '1972-02-12 06:21:02'),
('034f7f95-c2bd-4194-a5ae-68432d4257db', 'SHCB5285', 'Võ Thị Ly', 'Nguyễn.Văn Mạnh685@gmail.com', '09171648417', 2, 0, 0, '1976-09-17', 'Nguyễn Thị Linh', '1970-01-01 00:00:04', 'Mai Minh Thái', '2020-07-28 07:00:59'),
('0547b465-b4b0-4239-8e88-8b46f6c25a77', 'SHCB4704', 'Nông Việt Thái', 'qxbkcau7331@gmail.com', '09796531363', 7, 0, 0, '1974-11-07', 'Mai Thị Giang', '2019-04-28 04:33:20', 'Trân Tuấn Trường', '1970-01-01 02:32:10'),
('05b5ccfd-d41d-40ec-9434-428afd358bbf', 'SHCB0280', 'Nguyễn Thị Ly', 'Nông.Minh Mạnh@gmail.com', '09544495654', 3, 0, 0, '1982-01-21', 'Bùi Minh Mạnh', '2009-09-24 10:48:08', 'Nguyễn Mai Hương', '2010-08-13 22:11:20'),
('06c6239f-03c8-45c5-be9b-78dd0eb16f8b', 'SHCB0082', 'Nguyễn Văn Ngọc', 'VõViệt Mạnh8@gmail.com', '09589957334', 6, 1, 1, '2009-05-11', 'Lê Văn Anh', '1970-01-01 00:00:10', 'Hoàng Minh Hiếu', '2016-01-28 07:06:50'),
('07619720-ecf4-472f-bb84-f4e3949094e9', 'SHCB9550', 'Trân Thị Mai', NULL, NULL, 3, 0, 0, NULL, 'Bùi Tuấn Tuấn', '1970-01-01 00:01:13', 'Nguyễn Thị Hân', '1980-06-17 03:47:12'),
('076b5dad-07ae-46e7-b9f4-e61a7f396639', 'SHCB7634', 'Nguyễn Văn Bằng', 'wdnr7195@gmail.com', '09931834235', 7, 1, 1, '1970-01-31', 'Võ Diễm Loan', '2009-08-10 12:55:03', 'Lê Tuấn Thái', '2002-05-17 13:43:35'),
('0804c1e0-f3e3-4a97-b3c5-a8943c28db6c', 'SHCB2467', 'Nguyễn Diễm Mai', 'Nguyễn_Việt Mạnh@gmail.com', '09991956123', 5, 1, 0, '2007-01-08', 'Nguyễn Tuấn Thái', '2016-10-30 15:45:17', 'Nguyễn Văn Bằng', '2017-08-03 19:17:09'),
('08cdc595-5fc5-44f1-8c39-78ef08aca274', 'SHCB5003', 'Mai Minh Giang', 'Thị Ngọc@gmail.com', '09830035390', 6, 0, 1, '1971-05-06', 'Nguyễn Minh Ngọc', '2012-10-28 19:23:08', 'Hoàng Tuấn Tuấn', '2001-04-15 21:03:18'),
('09b16124-e7e9-42fa-9ee5-4deab91024cb', 'SHCB6589', 'Nguyễn Thị Hường', 'qfjr170@gmail.com', '09390622726', 7, 1, 1, '1980-02-17', 'Nguyễn Thị Lệ', '1983-10-26 17:40:38', 'Nguyễn Minh Trường', '1974-05-13 11:58:49'),
('09cb90cf-38f3-4d0f-8873-045d70c71489', 'SHCB5556', 'Nguyễn Mai Hân', 'kkifuvqa9237@gmail.com', '09776829117', 3, 0, 1, '1970-03-11', 'Lê Minh Mạnh', '2017-04-07 12:00:16', 'Nguyễn Thị Hường', '1970-01-01 00:00:05'),
('0b299d55-1dde-4b37-a315-83889dc1a25c', 'SHCB8262', 'Nguyễn Thị Lệ', 'NguyễnVăn Mạnh@gmail.com', '09439524218', 3, 1, 1, '1971-07-07', 'Nguyễn Minh Bằng', '1970-01-01 00:01:00', 'Võ Thị Hoa', '1985-11-15 21:33:22'),
('0b7199be-92e0-41d3-8a8a-f5c98725c621', 'SHCB3319', 'Nông Thị Hường', 'yebpkjs2662@gmail.com', '09819746518', 2, 1, 1, '1970-01-25', NULL, '2006-12-12 20:45:37', 'Hoàng Minh Thành', '1995-08-24 10:44:03'),
('0b9260ab-45fb-4633-928d-df925e247431', 'SHCB5449', 'Bùi Mai Mai', 'Ngọc Bằng@gmail.com', '09231793084', 7, 0, 1, '1983-07-15', NULL, '1970-01-01 00:00:10', 'Nguyễn Việt Tuấn', '2006-05-23 05:19:23'),
('0c50e534-36fd-4c7a-9b9e-87781830de4e', 'SHCB3553', 'Bùi Việt Bằng', 'BùiThái Minh67@gmail.com', '09273916947', 1, 0, 1, '1970-02-23', 'Nguyễn Thị Hân', '1970-07-15 16:38:10', 'Hoàng Việt Ngọc', '1970-01-01 00:00:41'),
('0cf4bed4-d6c8-40ef-9679-ccd2c4fb0f6e', 'SHCB5825', 'Nguyễn Thị Lệ', 'NguyễnMinh Thành17@gmail.com', '09825176699', 3, 0, 1, '2000-03-08', 'Hoàng Thái Trường', '1970-01-01 00:08:17', 'Nguyễn Ngọc Diễm', '1970-12-31 06:39:17'),
('0d460773-4b2a-490e-869d-6da61594e29a', 'SHCB4372', 'Nguyễn Ngọc Hoa', 'Thị Hường35@gmail.com', '09645394087', 1, 0, 0, '1973-08-02', 'Nông Thị Hương', '2021-06-27 16:03:38', 'Nông Mai Hân', '1970-03-30 15:53:18'),
('0dbb0b6e-20ac-4615-b8a1-63ccc1e07682', 'SHCB7701', 'Trịnh Mai Ly', 'Diễm Linh28@gmail.com', '09364247737', 2, 0, 1, '1987-01-21', 'Hoàng Việt Mạnh', '1970-01-01 00:10:25', 'Bùi Thị Loan', '2020-12-12 23:41:01'),
('0e8196a2-8657-4af5-adc2-ac15d1d417fd', 'SHCB3147', 'Trịnh Tuấn Thái', NULL, NULL, 8, 0, 0, NULL, 'Nguyễn Việt Mạnh', '1973-11-30 18:21:12', 'Nguyễn Việt Trường', '1979-01-15 21:02:03'),
('0ee64470-d3bf-4808-875e-47ba5f96cf9d', 'SHCB3812', 'Nguyễn Thái Thái', 'Thị DiễmS249@gmail.com', '09135242331', 8, 0, 1, '1970-03-16', 'Lê Tuấn Thái', '1994-10-30 15:55:26', 'Nguyễn Tuấn Ngọc', '2018-04-03 01:18:40'),
('0ee9e1e6-a608-4f4b-99ee-3866207d606a', 'SHCB3179', 'Nguyễn Thị Hân', 'Trân_Thái Tuấn@gmail.com', '09022034694', 4, 1, 0, '1998-06-15', 'Nguyễn Thị Loan', '1982-09-30 03:59:57', 'Mai Tuấn Mạnh', '1994-06-03 13:50:43'),
('0f0bf24d-3b33-4d4b-b695-cec1a0e7b360', 'SHCB4137', 'Mai Thị Diễm', NULL, NULL, 1, 0, 1, NULL, 'Nguyễn Thị Linh', '2016-10-01 18:56:02', 'Lê Thị Giang', '1970-01-01 00:03:29'),
('0f731f03-7125-43f4-bc7e-ca7a0a61b65d', 'SHCB6831', 'Nguyễn Thị Ly', 'Nguyễn.Văn Hương7@gmail.com', '09678806886', 2, 0, 0, '1994-02-09', 'Nguyễn Văn Hương', '1993-04-24 00:21:31', 'Nguyễn Thị Ly', '2018-02-16 13:57:54'),
('0f8b9e82-7d0d-462b-9e47-9905cb4b4c96', 'SHCB5926', 'Võ Thị Hương', 'kanqnus4214@gmail.com', '09542917297', 7, 0, 1, '1970-01-28', 'Nguyễn Minh Ngọc', '1972-04-18 13:25:10', 'Nguyễn Thái Thuận', '2001-04-06 05:19:52'),
('0fb2cf07-ab9c-4fa7-96ac-936bd9dc64ee', 'SHCB6396', 'Lê Thị Hoa', 'Thị HươngT@gmail.com', '09360181013', 2, 0, 0, '1977-01-16', 'Trịnh Thị Hường', '2002-06-07 05:43:11', 'Lê Minh Linh', '2001-10-11 00:41:21'),
('10f8f1e3-92e4-4e71-a1ca-5f582e791ec4', 'SHCB7627', 'Trân Ngọc Mai', 'Việt Trường@gmail.com', '09558418617', 2, 0, 1, '2000-05-30', 'Võ Văn Bằng', '1976-12-17 19:51:36', 'Nông Thị Hường', '1970-01-01 00:13:18'),
('12013a98-3dcf-4e72-a5d6-4e4fa82e7f33', 'SHCB6943', 'Nguyễn Văn Bằng', 'Minh Trường@gmail.com', '09462038762', 7, 1, 1, '1993-06-28', 'Nguyễn Văn Ngọc', '2010-02-06 07:10:32', 'Hoàng Văn Mạnh', '2003-10-27 01:58:28'),
('124e2d33-d945-4451-b319-f723791e5727', 'SHCB7408', 'Nguyễn Ngọc Hiếu', 'Thị Ngọc995@gmail.com', '09852291543', 5, 1, 1, '2021-03-02', 'Nguyễn Thị Diễm', '1970-01-01 00:51:28', 'Bùi Minh Mạnh', '1970-01-01 00:00:07'),
('126931be-1e7c-43e4-9866-722e957596f0', 'SHCB6322', 'Bùi Thị Linh', 'NôngVăn Bằng962@gmail.com', '09041910857', 1, 0, 1, '1979-10-09', 'Nguyễn Tuấn Tuấn', '1974-04-30 14:10:14', 'Nguyễn Thị Diễm', '1998-02-26 07:14:20'),
('13661560-e635-4db1-afd5-80cf1bb62c93', 'SHCB2501', 'Nguyễn Thị Hoa', 'pwqsrfan_rjmvnpqb@gmail.com', '09550992260', 1, 0, 1, '1990-12-24', 'Trịnh Tuấn Mạnh', '1970-01-01 00:14:09', 'Nông Minh Trường', '2008-08-11 09:03:18'),
('13a56893-54aa-45fc-b6a6-5d9d2bec5331', 'SHCB0456', 'Nguyễn Việt Hương', 'Hoàng_Minh Trường65@gmail.com', '09995489620', 3, 1, 1, '2008-01-05', 'Nguyễn Việt Trường', '2006-10-28 17:36:42', 'Nguyễn Ngọc Hường', '1984-04-28 08:40:52'),
('14066fba-01b5-4db6-9fd3-440426186f1c', 'SHCB8971', 'Nguyễn Mai Hường', 'Minh Hân@gmail.com', '09583776306', 3, 1, 1, '2018-03-05', 'Nông Văn Trường', '1984-12-18 05:40:55', 'Lê Minh Minh', '1970-01-01 00:03:08'),
('145c4d5f-4ee8-4c81-b7c0-1621ad4d35ca', 'SHCB9326', 'Nguyễn Thị Hường', 'vzwlb18@gmail.com', '09726252446', 5, 1, 1, '1985-02-03', 'Bùi Ngọc Ly', '1974-07-05 03:50:36', 'Trân Thái Minh', '2008-07-10 03:43:57'),
('14637bc4-b3f7-41bc-bd1b-0a5695e057f6', 'SHCB3222', 'Nguyễn Minh Trường', 'jhbvunpd_hxneqnaksv@gmail.com', '09910191870', 2, 0, 1, '2009-06-25', 'Nguyễn Ngọc Linh', '1986-12-22 13:59:23', 'Mai Thị Lệ', '2019-05-08 17:56:57'),
('14cc4fa5-6a13-4bb6-ad02-33aad67879c1', 'PC00001', 'Tran Danh', '', '', 1, NULL, NULL, NULL, '', '2022-08-11 12:08:27', '', '2022-08-11 12:08:27'),
('14ef0184-6231-493a-b555-cf245faaac40', 'SHCB8512', 'Trân Thái Anh', 'NguyễnVăn Thái@gmail.com', '09779847621', 5, 0, 0, '1990-03-12', NULL, '1978-07-25 01:59:49', 'Nguyễn Thị Ly', '2011-07-15 23:29:03'),
('150a37c3-ac19-491e-be9a-f76e2a4efe2f', 'SHCB1194', 'Nguyễn Tuấn Thành', 'Hoàng_Thái Ngọc@gmail.com', '09646222995', 8, 0, 1, '1987-12-18', 'Lê Mai Ly', '1999-03-24 11:38:16', 'Nguyễn Minh Trường', '1970-01-01 00:00:09'),
('15dff7e6-25e0-43c7-8b43-5ba5df5ddd6f', 'SHCB2895', 'Nguyễn Ngọc Hoa', NULL, NULL, 6, 1, 1, NULL, 'Nguyễn Ngọc Giang', '1970-01-01 00:01:15', 'Nguyễn Mai Loan', '1970-01-01 00:00:08'),
('1710d184-af11-4780-a35d-4eb8879bf898', 'SHCB0708', 'Hoàng Việt Anh', 'NguyễnNgọc Hiếu466@gmail.com', '09412262763', 5, 0, 1, '1971-05-12', 'Trân Văn Anh', '1989-01-06 10:01:28', 'Hoàng Ngọc Thành', '1970-01-01 00:01:31'),
('175962a3-f018-4969-a2ae-ad5827d18623', 'SHCB7949', 'Nguyễn Thái Trường', 'mman79@gmail.com', '09432128937', 1, 1, 0, '1970-01-14', 'Hoàng Minh Hiếu', '2021-03-08 03:17:13', 'Nguyễn Thị Giang', '1970-01-01 00:00:01'),
('17845939-4805-48ad-b4b3-0d70c3f7be78', 'SHCB2542', 'Hoàng Minh Trường', 'NôngViệt Mạnh2@gmail.com', '09090688112', 5, 0, 1, '2006-01-13', NULL, '2006-11-18 06:40:06', 'Hoàng Tuấn Trường', '1980-02-18 15:41:48'),
('1862bf31-d29c-4d5d-bbfb-1aab783f4764', 'SHCB6911', 'Nguyễn Minh Hương', 'Hoàng_Minh Cường353@gmail.com', '09806728537', 7, 0, 1, '2020-02-28', 'Nguyễn Thị Hân', '1973-10-23 02:21:34', 'Nguyễn Ngọc Trường', '2002-04-09 01:35:56'),
('18890dba-9e9f-4c6f-ad0c-609e338ff4e4', 'SHCB3266', 'Nguyễn Minh Tuấn', 'Thị Hương@gmail.com', '09354314396', 4, 1, 1, '2006-10-27', 'Hoàng Ngọc Cường', '1977-07-19 21:09:15', 'Nguyễn Thị Loan', '2009-09-06 23:50:03'),
('18b23f31-a7e5-4f3e-a2d0-89f8c1aa9b5e', 'SHCB4410', 'Nguyễn Văn Hoàng', '@gmail.com', '09356643628', 4, 0, 0, '1970-02-22', 'Trân Thị Hường', '2005-11-05 04:37:29', 'Mai Việt Tuấn', '1983-08-19 01:30:54'),
('1912d261-d218-4d1c-95ba-9b338c5a3459', 'SHCB9072', 'Võ Mai Hân', 'Thị Lệ@gmail.com', '09122206770', 6, 0, 1, '1970-01-03', 'Nguyễn Minh Mạnh', '1970-01-01 00:01:06', 'Nguyễn Mai Hương', '1970-01-01 01:18:38'),
('196a55d0-77f8-48cb-a5cd-669d92dd5921', 'SHCB0463', 'Nông Thị Hương', NULL, NULL, 5, 1, 1, NULL, 'Trân Thị Mai', '1970-01-01 00:01:29', 'Nguyễn Thái Ngọc', '1970-01-01 00:01:40'),
('19baae95-e3b3-4bc4-9ca8-d9d486358723', 'SHCB8855', 'Hoàng Thị Hoa', '@gmail.com', '09351705323', 7, 1, 1, '2007-08-30', 'Lê Thái Thành', '1970-01-01 00:13:54', 'Võ Mai Hường', '1970-01-01 00:00:31'),
('1a5fd3a7-9a81-490d-9cec-dfad08ffc39a', 'SHCB9310', 'Nguyễn Ngọc Linh', 'Nguyễn.Văn Cường@gmail.com', '09112738225', 4, 1, 0, '2001-05-23', 'Nguyễn Tuấn Thuận', '1979-10-06 10:05:44', 'Nguyễn Thái Thái', '1971-04-24 15:25:18'),
('1bbedb8f-2778-43b1-bb30-5965add4b8ab', 'SHCB1314', 'Trân Ngọc Hoa', 'Minh Thái@gmail.com', '09147461466', 8, 0, 1, '1993-05-27', 'Lê Thị Lệ', '1980-09-24 02:53:12', 'Nguyễn Tuấn Anh', '1970-01-01 00:09:02'),
('1c2bc7b8-decb-4589-9810-73582682ac1d', 'SHCB6634', 'Nguyễn Diễm Hương', 'BùiTuấn Hoàng355@gmail.com', '09357660261', 6, 0, 0, '1970-03-07', 'Bùi Ngọc Loan', '2010-07-22 20:53:41', 'Mai Tuấn Thành', '2000-03-29 05:44:20'),
('1d4c3e7e-08c7-4d58-86ec-2b71edd66fd0', 'SHCB3335', 'Nguyễn Thị Loan', 'Tuấn Thuận@gmail.com', '09993846091', 2, 0, 1, '1983-01-28', 'Bùi Tuấn Thái', '1990-10-15 19:56:31', 'Nguyễn Minh Cường', '1977-01-23 08:15:02'),
('1e9d186b-f221-4da2-b9f4-b3ee2746c699', 'SHCB2424', 'Nguyễn Việt Minh', '@gmail.com', '09751645236', 3, 0, 0, '1978-05-31', 'Nguyễn Thị Ly', '1984-03-22 08:16:19', 'Trân Thị Hân', '2001-11-21 23:10:55'),
('1f8e4b83-a9d3-4702-ab8c-99fb8064db80', 'SHCB1795', 'Trịnh Thái Anh', '@gmail.com', '09248270005', 4, 1, 1, '1970-06-05', 'Nguyễn Thị Hường', '1992-04-01 10:30:02', 'Trịnh Mai Hoa', '1970-01-01 00:15:36'),
('1fbb1727-300b-4fb5-9e8a-d33b339661c1', 'SHCB1100', 'Trân Minh Hường', 'Nguyễn.Ngọc Thành92@gmail.com', '09639619477', 5, 1, 1, '1987-02-09', 'Võ Ngọc Ngọc', '1970-01-01 02:23:00', 'Bùi Văn Thành', '2018-05-16 13:18:19'),
('1fe6ff11-2737-4a55-bab0-a7ef4b9022b0', 'SHCB7318', 'Hoàng Tuấn Mạnh', 'Văn Thuận734@gmail.com', '09069675187', 3, 1, 0, '2020-12-06', 'Nguyễn Tuấn Tuấn', '1997-11-09 16:20:15', 'Nguyễn Ngọc Linh', '1970-01-01 00:00:06'),
('20c4a756-2afc-4de5-b0f0-7065034e8198', 'SHCB6962', 'Nguyễn Minh Lệ', 'qfyrcrt9725@gmail.com', '09575557021', 7, 1, 0, '1979-06-23', 'Nguyễn Ngọc Thái', '1970-07-19 08:37:45', 'Bùi Văn Mạnh', '1977-08-31 01:01:34'),
('2196d46f-6e12-454b-8832-dc461383e2e5', 'SHCB9455', 'Nguyễn Thị Hương', NULL, NULL, 7, 1, 1, NULL, 'Nguyễn Ngọc Thái', '1973-10-12 17:40:37', 'Nguyễn Tuấn Tuấn', '1982-09-01 05:50:01'),
('21c84d54-77cc-4435-b396-c7a58dd0bf33', 'SHCB9222', 'Mai Minh Tuấn', 'Việt Tuấn9@gmail.com', '09599403542', 6, 1, 0, '2013-09-15', 'Nguyễn Việt Trường', '2020-12-06 02:22:33', 'Bùi Ngọc Linh', '1970-01-01 00:00:07'),
('21fff4b5-04fb-46e1-913a-9a73f4fef793', 'SHCB8021', 'Trịnh Văn Thanh', NULL, NULL, 5, 1, 1, NULL, 'Lê Tuấn Thái', '1974-12-26 05:28:47', 'Nguyễn Thái Mạnh', '1975-07-07 10:38:42'),
('22b5b308-9f63-4370-a6a0-2bb9042ee409', 'SHCB6164', 'Nguyễn Minh Cường', 'NguyễnMinh Hương@gmail.com', '09430014850', 7, 1, 1, '1970-03-14', 'Võ Tuấn Cường', '2007-01-21 13:51:38', 'Nguyễn Thái Cường', '1982-05-11 04:08:16'),
('234b6a64-e7b7-4e60-ab8e-7d0c273ea01b', 'SHCB1047', 'Nguyễn Thái Thái', 'Thị HoaT@gmail.com', '09178395378', 2, 0, 0, '1972-07-31', 'Hoàng Việt Ngọc', '1974-10-12 08:10:11', 'Hoàng Minh Ngọc', '1996-09-19 09:44:25'),
('23c9e1ac-496f-40b3-9f86-1d7f792f78f7', 'SHCB4773', 'Nguyễn Thị Hoa', 'Nguyễn_Ngọc Mạnh63@gmail.com', '09719851198', 7, 1, 0, '2022-07-25', 'Lê Ngọc Tuấn', '1981-07-19 17:22:31', 'Nguyễn Thị Hương', '2001-02-25 20:27:18'),
('23fe2bc2-a929-4418-bee6-344dfd95dbbf', 'SHCB3259', 'Võ Thái Cường', 'LêVăn Trường793@gmail.com', '09416054719', 4, 0, 1, '1978-08-14', 'Nguyễn Diễm Hường', '1970-01-01 00:00:03', 'Hoàng Minh Hiếu', '1983-01-29 13:08:49'),
('243cd216-7ae2-4804-b21d-79da4388e47a', 'SHCB0768', 'Nguyễn Diễm Ly', 'Ngọc Bằng158@gmail.com', '09573943496', 5, 1, 1, '2018-10-05', 'Hoàng Việt Mạnh', '1970-01-01 00:01:18', 'Võ Thị Hương', '1971-12-10 10:25:16'),
('2482aa4b-b047-4b52-a0b4-fbce0d65a1f1', 'SHCB3389', 'Trịnh Ngọc Hương', 'Nguyễn.Minh Bằng@gmail.com', '09626385312', 3, 0, 1, '1970-04-16', 'Nông Diễm Linh', '2002-07-22 21:09:43', 'Hoàng Minh Thuận', '1970-01-01 00:12:07'),
('24f31fac-cd3e-457d-baa0-da06abcedd2c', 'SHCB8585', 'Nguyễn Văn Minh', 'NguyễnMinh Trường8@gmail.com', '09944973035', 2, 1, 0, '2012-11-28', 'Nông Thị Hường', '2008-03-23 22:55:25', 'Mai Việt Thái', '1970-01-01 00:00:36'),
('25fbbb61-f3a3-4248-9af1-4bd463ac31dc', 'SHCB6728', 'Bùi Minh Lệ', '2@gmail.com', '09430534080', 3, 1, 1, '2021-11-24', NULL, '2001-02-25 05:36:40', 'Nguyễn Việt Bằng', '1977-12-01 22:29:24'),
('25ff9c31-7bd9-4901-90b7-7a4d6c5cd085', 'SHCB0899', 'Bùi Minh Bằng', 'NguyễnVăn Thái646@gmail.com', '09582224675', 3, 0, 0, '2018-08-10', NULL, '1970-01-01 00:00:09', 'Nguyễn Diễm Linh', '1970-01-01 00:00:03'),
('264b5735-76ab-4f29-b0c0-4a8a9168de7d', 'SHCB2363', 'Nguyễn Minh Thái', 'ykrudqlt_aegf@gmail.com', '09569492340', 1, 0, 1, '2012-07-29', 'Hoàng Tuấn Cường', '1970-01-01 00:00:07', 'Mai Diễm Mai', '1970-01-01 00:13:50'),
('26de7ea4-6ac4-40b5-ad3c-cf44ddf4bb11', 'SHCB8841', 'Nguyễn Thị Ngọc', 'MaiVăn Hiếu@gmail.com', '09748250589', 8, 0, 1, '2010-10-28', 'Nguyễn Thị Hân', '1989-05-03 10:51:56', 'Nguyễn Diễm Giang', '1983-06-26 03:34:00'),
('26e590fb-d7ad-4543-bbcd-b452474d710c', 'SHCB6490', 'Võ Việt Minh', 'HoàngTuấn Hương@gmail.com', '09299318312', 2, 0, 1, '1970-12-23', NULL, '2012-08-06 12:11:02', 'Nguyễn Văn Anh', '2011-03-31 05:10:04'),
('277b438f-8927-4c79-b558-f09f985ec731', 'SHCB6483', 'Mai Thị Lệ', 'Hoàng.Ngọc Anh2@gmail.com', '09555374818', 6, 0, 0, '1992-01-08', 'Nguyễn Mai Diễm', '1989-04-23 22:17:15', 'Bùi Thị Diễm', '1970-01-01 00:00:08'),
('27bb4d0c-d298-4166-ab5b-38bca20ba806', 'SHCB0222', 'Nguyễn Ngọc Hân', NULL, NULL, 8, 0, 0, NULL, 'Nguyễn Minh Hường', '1971-11-15 17:51:50', 'Nguyễn Việt Mạnh', '1993-09-24 18:15:30'),
('280b22f8-d84d-4427-b2a0-1a6c4d0d7904', 'SHCB4823', 'Nguyễn Tuấn Trường', 'NguyễnThái Mạnh@gmail.com', '09591002866', 4, 0, 0, '2014-04-28', 'Võ Thị Ngọc', '2010-10-05 05:14:45', 'Nguyễn Minh Thanh', '1970-01-01 00:05:56'),
('2885076d-1482-4191-b9d7-7366730ff907', 'SHCB4862', 'Nguyễn Thái Minh', NULL, NULL, 5, 0, 0, NULL, 'Nguyễn Việt Hương', '1985-03-03 19:39:35', 'Bùi Văn Ngọc', '2007-05-15 11:47:16'),
('2895ca33-6b93-4c07-a9aa-f8692c4f6990', 'SHCB3143', 'Nguyễn Ngọc Mạnh', 'Hoàng_Ngọc Cường582@gmail.com', '09336069471', 5, 1, 1, '1999-02-27', 'Nông Tuấn Bằng', '1998-01-24 05:26:09', 'Lê Thị Loan', '1991-09-13 22:53:36'),
('28c1d282-82b9-4aa8-ab38-8702acb8dc8d', 'SHCB1695', 'Nguyễn Minh Bằng', 'Minh Hương@gmail.com', '09508551931', 5, 1, 0, '2010-05-15', 'Nguyễn Việt Trường', '1998-04-18 16:18:36', 'Võ Thị Lệ', '2011-10-15 13:38:05'),
('2936566a-2507-423d-ab4a-855b2dc308fa', 'SHCB8300', 'Nguyễn Ngọc Hiếu', 'Thái Trường@gmail.com', '09566892103', 1, 1, 1, '1970-01-07', 'Nguyễn Mai Diễm', '1973-01-22 04:30:56', 'Võ Thị Hoa', '2006-04-04 09:04:05'),
('29616817-60a8-43e5-923f-69250dd4a382', 'SHCB3194', 'Trịnh Ngọc Mạnh', 'Văn Mạnh@gmail.com', '09460768492', 8, 0, 0, '1977-11-04', 'Nguyễn Ngọc Mạnh', '1970-01-01 00:00:10', 'Lê Ngọc Ngọc', '1970-07-18 12:15:17'),
('297b85e4-e2d3-4d38-8ad7-c821b8179211', 'SHCB8526', 'Nguyễn Ngọc Trường', NULL, NULL, 8, 0, 1, NULL, 'Nguyễn Thái Hiếu', '2020-08-01 22:21:20', 'Nguyễn Ngọc Cường', '2021-03-22 08:59:52'),
('29b0f108-116a-4004-a0ea-440b2132e696', 'SHCB7964', 'Nguyễn Văn Thái', 'Thị DiễmK8@gmail.com', '09899966985', 8, 1, 0, '1983-07-07', NULL, '1970-01-01 00:00:06', 'Nguyễn Việt Mạnh', '2017-06-06 10:21:19'),
('2a1e4e5b-5c14-4f4a-b379-b227b7142882', 'SHCB1377', 'Nông Việt Minh', NULL, NULL, 1, 0, 1, NULL, 'Mai Thị Hoa', '1970-10-07 16:14:55', 'Lê Minh Hương', '2021-04-05 11:13:06'),
('2a21163a-2d1a-4cf2-8f86-2b19e9af6dd4', 'SHCB3728', 'Trân Ngọc Thành', 'Ngọc Hường79@gmail.com', '09347446969', 6, 0, 1, '1970-01-06', 'Nguyễn Thái Thái', '2016-11-30 13:05:45', 'Mai Thái Hiếu', '2019-12-07 01:14:36'),
('2a2c0928-a5b4-4345-aff3-437e32f54a1a', 'SHCB0912', 'Nguyễn Mai Ngọc', 'NguyễnViệt Mạnh@gmail.com', '09348268472', 7, 0, 1, '1970-01-02', 'Nguyễn Diễm Linh', '2001-09-22 03:30:43', 'Nông Minh Ngọc', '1970-01-01 00:08:36'),
('2b1da70f-c6ef-4e64-b1f2-fec72199744e', 'SHCB7642', 'Nguyễn Thị Lệ', 'Thị Hường7@gmail.com', '09131693825', 4, 0, 1, '2009-08-31', 'Mai Thị Ngọc', '1999-06-23 12:30:58', 'Nông Thị Giang', '1988-07-02 23:04:51'),
('2b4020ce-6ee5-4110-87ca-f192650ae1f1', 'SHCB0090', 'Nguyễn Thái Cường', '@gmail.com', '09421600399', 3, 1, 0, '2013-07-30', 'Nguyễn Văn Ngọc', '1984-08-10 14:00:14', 'Nguyễn Thị Hương', '1975-11-02 21:45:02'),
('2bea2b3d-230b-4f3c-89a9-ab44525c5540', 'SHCB4039', 'Nguyễn Văn Trường', 'Nguyễn.Việt Mạnh@gmail.com', '09827852076', 7, 1, 0, '2007-10-02', 'Nguyễn Minh Hoàng', '2010-06-27 11:04:55', 'Nguyễn Diễm Loan', '2010-06-15 02:40:29'),
('2cd0777d-db7f-4131-b7e8-d7edbc8c4b49', 'SHCB9775', 'Hoàng Diễm Diễm', 'HoàngViệt Thành327@gmail.com', '09898485027', 5, 0, 0, '2008-10-13', 'Trân Văn Thuận', '1970-01-01 00:00:10', 'Nông Thị Hường', '2021-08-06 14:06:49'),
('2d6ad1f9-bcf9-4690-a46b-bc4422d14aa3', 'SHCB2923', 'Nguyễn Minh Hiếu', NULL, NULL, 7, 0, 0, NULL, 'Nguyễn Thị Giang', '1970-01-01 00:00:03', 'Nguyễn Thị Giang', '1970-01-01 00:00:49'),
('2d74cce6-fdcd-48cc-a39f-05e2ccc72d3b', 'SHCB3815', 'Nguyễn Tuấn Hiếu', 'Mai.Minh Hương8@gmail.com', '09179052853', 2, 0, 0, '1998-04-11', 'Nguyễn Tuấn Bằng', '1974-03-08 08:06:15', 'Nguyễn Thị Hân', '2021-10-22 16:46:05'),
('2d89aa3a-bd54-41fc-bf6d-ac85fcd45284', 'SHCB1131', 'Trân Ngọc Trường', 'TrịnhViệt Tuấn@gmail.com', '09629596773', 4, 0, 0, '2021-04-06', 'Nguyễn Thái Thái', '1992-02-05 04:00:12', 'Lê Tuấn Hương', '1988-04-07 11:48:16'),
('2e47cf2f-0588-40ee-bb52-6f8b6043ecdd', 'SHCB4272', 'Hoàng Thái Thanh', 'Nguyễn_Ngọc Minh@gmail.com', '09287179186', 4, 1, 0, '1990-06-27', 'Nguyễn Ngọc Tuấn', '1973-02-04 07:58:26', 'Nguyễn Minh Loan', '1989-05-10 11:25:25'),
('2e49ecfc-fe29-4ab4-afc3-1508fdb93cfe', 'SHCB6264', 'Nguyễn Diễm Lệ', 'hnpsza4740@gmail.com', '09149627918', 8, 1, 0, '1997-05-30', 'Bùi Mai Linh', '1973-02-23 04:44:03', 'Nguyễn Thị Giang', '1970-01-01 00:01:38'),
('2e5a8899-f88c-4692-a42d-1dfb38feb382', 'SHCB7683', 'Nguyễn Tuấn Mạnh', 'Văn Minh523@gmail.com', '09791223292', 7, 1, 1, '1987-09-17', 'Nguyễn Văn Cường', '1992-05-04 04:15:46', 'Nguyễn Việt Hiếu', '1999-03-14 08:36:54'),
('2ee70f11-fbdc-4921-9b38-ea8c181b42e2', 'SHCB9512', 'Trịnh Mai Hương', 'NguyễnNgọc Cường6@gmail.com', '09022944607', 2, 1, 1, '2006-04-13', 'Nguyễn Ngọc Ly', '1998-03-07 03:50:28', 'Nguyễn Thị Hoa', '1988-04-06 14:46:53'),
('310ec2bd-a328-4282-8411-de4fbd90ace6', 'SHCB1595', 'Lê Ngọc Tuấn', 'TrịnhThái Mạnh@gmail.com', '09656877594', 8, 0, 1, '1979-02-03', 'Hoàng Thái Tuấn', '1970-01-01 00:00:24', 'Nguyễn Mai Ly', '1970-01-01 00:11:33'),
('3115944f-017e-4da5-a6e3-b016f6b9f027', 'SHCB8755', 'Nguyễn Mai Linh', 'Hoàng.Minh Thái159@gmail.com', '09424546150', 2, 1, 0, '1972-04-13', 'Bùi Ngọc Ngọc', '2003-07-29 07:01:07', 'Nguyễn Minh Trường', '2001-07-20 03:33:04'),
('312dd935-b308-4661-8315-3ef0544e8caf', 'SHCB4083', 'Lê Thị Hường', 'jgil0@gmail.com', '09671509971', 2, 1, 0, '1970-03-26', NULL, '1972-01-03 08:07:28', 'Hoàng Tuấn Thái', '1970-03-16 13:26:57'),
('33bf1fa0-e686-4452-9fbc-075d1386f5f0', 'SHCB3318', 'Nguyễn Thái Bằng', 'wlmddk7594@gmail.com', '09043947129', 6, 1, 1, '1970-01-10', 'Trịnh Văn Trường', '1970-01-01 00:00:03', 'Nguyễn Thái Thành', '1972-10-20 04:20:31'),
('33dcfaa3-dad0-42a0-a846-0d910c01c8ef', 'SHCB4474', 'Nông Việt Mạnh', 'TrịnhMinh Cường@gmail.com', '09814084712', 6, 1, 1, '1982-09-08', 'Nguyễn Tuấn Trường', '2016-12-05 16:21:14', 'Nguyễn Minh Cường', '1970-01-01 00:00:09'),
('34744eeb-4a2a-4585-822d-a172f0b8c569', 'SHCB7610', 'Trịnh Thị Hoa', 'Tuấn Trường354@gmail.com', '09712430540', 4, 0, 0, '1970-01-24', 'Nguyễn Thái Mạnh', '1997-12-16 12:37:37', 'Nguyễn Ngọc Tuấn', '1994-10-02 23:40:56'),
('35a6890e-6e7a-4b34-8efe-2d7f6d771da0', 'SHCB5943', 'Trịnh Thị Linh', NULL, NULL, 1, 1, 1, NULL, 'Nông Văn Thành', '1970-01-01 00:00:38', 'Bùi Minh Loan', '1991-10-10 14:45:43'),
('36198982-fa03-4c0d-a6c4-1c2abd0f5c4b', 'SHCB6253', 'Nguyễn Thị Hường', '@gmail.com', '09221126092', 6, 1, 1, '2017-06-30', 'Nguyễn Thị Hường', '1992-11-30 07:50:01', 'Nguyễn Thái Bằng', '2015-05-31 19:30:56'),
('36b3e4e0-e06c-4574-9c2e-f6c0b61ce118', 'SHCB0228', 'Hoàng Minh Hương', 'Văn Thái@gmail.com', '09928930507', 1, 0, 1, '1973-01-04', 'Nguyễn Thái Hoàng', '1975-07-05 17:46:58', 'Nguyễn Thị Lệ', '1977-05-19 19:06:55'),
('36eb6c83-9861-4aa9-8cb8-a70a7ef7f451', 'SHCB9607', 'Nông Tuấn Anh', 'Nguyễn_Ngọc Trường@gmail.com', '09581758536', 1, 1, 1, '1970-01-28', 'Lê Tuấn Hương', '1970-01-01 00:01:06', 'Trịnh Thị Hương', '2008-07-29 03:21:11'),
('37b38213-ba3b-4590-97f5-728afc0d3630', 'SHCB2245', 'Trân Văn Thái', NULL, NULL, 3, 0, 0, NULL, 'Nguyễn Văn Hương', '1970-01-01 00:14:55', 'Võ Minh Trường', '1970-01-01 00:07:23'),
('37bc09bd-3e1a-4a13-8fb1-3a97332ba0ba', 'SHCB7376', 'Võ Việt Tuấn', 'NguyễnNgọc Anh835@gmail.com', '09667304745', 8, 1, 0, '1972-08-21', 'Hoàng Thị Ly', '1970-01-01 00:01:24', 'Nguyễn Ngọc Tuấn', '1970-01-01 02:30:45'),
('37c855a8-0efa-452f-ab53-146f7c2c79f9', 'SHCB9312', 'Nguyễn Ngọc Thanh', 'NguyễnVăn Anh44@gmail.com', '09212217424', 8, 1, 1, '2017-01-08', 'Lê Minh Trường', '1970-01-01 00:00:29', 'Võ Minh Mai', '1998-09-13 07:31:53'),
('37e1cfd4-d57c-4466-b89c-d891c441e2cc', 'SHCB0836', 'Nguyễn Việt Thanh', 'Nguyễn_Tuấn Thuận962@gmail.com', '09646471312', 7, 0, 0, '1970-01-10', 'Nguyễn Thị Lệ', '2014-10-30 18:09:11', 'Nguyễn Ngọc Ly', '1970-01-01 01:32:12'),
('380d88bb-6f73-4324-aeb5-2a21d24c246f', 'SHCB9719', 'Trân Thị Giang', '3@gmail.com', '09153791215', 1, 1, 1, '1973-07-11', 'Trân Thị Ly', '1981-03-05 11:55:49', 'Nguyễn Minh Lệ', '1994-02-10 03:52:53'),
('383f4a33-816e-4b27-949d-ef63d8a78c67', 'SHCB2638', 'Võ Thái Tuấn', 'NguyễnTuấn Hiếu@gmail.com', '09379903139', 4, 1, 1, '2009-02-17', 'Nguyễn Ngọc Ngọc', '1984-08-13 22:55:26', 'Lê Ngọc Cường', '2000-08-12 08:39:06'),
('389331db-ad2d-45bb-ba50-6ea31b7970d1', 'SHCB5823', 'Nguyễn Thị Ly', 'Bùi_Văn Ngọc@gmail.com', '09982374470', 5, 0, 0, '1971-10-25', NULL, '1985-02-24 04:10:38', 'Hoàng Việt Mạnh', '2008-12-26 03:44:54'),
('389cdef9-993c-4683-912f-ad4ab8267c24', 'SHCB5571', 'Nông Thị Lệ', 'Thị Hường@gmail.com', '09211961341', 3, 1, 0, '1987-03-31', 'Nguyễn Thị Hân', '1989-10-10 05:10:42', 'Nguyễn Mai Ngọc', '1984-11-17 11:33:04'),
('3aacdd07-2635-4a52-8934-27b3c15ab976', 'SHCB4716', 'Trịnh Tuấn Hoàng', 'Nguyễn_Minh Minh5@gmail.com', '09545249604', 8, 0, 0, '1970-12-25', 'Nguyễn Minh Mạnh', '1977-04-25 01:27:41', 'Mai Thị Hường', '2014-06-08 20:43:38'),
('3aebd2b1-470c-47dd-b860-95129f46d88d', 'SHCB6251', 'Trịnh Ngọc Hường', '@gmail.com', '09926786481', 6, 0, 0, '1986-03-13', 'Bùi Việt Thái', '2008-06-17 06:23:26', 'Nguyễn Thị Hoa', '2011-10-20 11:42:53'),
('3b16ed15-e29c-4134-ae14-1f39edf0f68f', 'SHCB9714', 'Nguyễn Thái Tuấn', NULL, NULL, 1, 0, 0, NULL, 'Nông Thị Hoa', '1970-01-01 01:55:34', 'Nguyễn Minh Thành', '1972-09-30 07:30:04'),
('3b1d0cfd-8d13-4b1a-9413-c5ca106357b0', 'SHCB8867', 'Nguyễn Mai Lệ', 'arcc904@gmail.com', '09936038469', 7, 0, 0, '2019-08-12', 'Nguyễn Việt Minh', '1992-01-24 18:44:16', 'Nguyễn Văn Hoàng', '1970-01-01 00:01:20'),
('3c055b89-2a3f-47ce-bb6b-f77d75875e8c', 'SHCB2458', 'Nguyễn Thị Ly', 'NguyễnViệt Tuấn@gmail.com', '09757406013', 8, 0, 0, '1970-01-05', NULL, '1973-04-02 19:45:28', 'Nguyễn Tuấn Trường', '1970-01-01 01:13:00'),
('3c227ec1-de3c-4fd2-a3d7-0af53a690afa', 'SHCB5305', 'Nguyễn Thị Mai', 'Thị Ngọc715@gmail.com', '09508861551', 7, 0, 0, '2021-02-05', 'Nguyễn Thị Ly', '1970-01-01 00:00:09', 'Trân Việt Hiếu', '1978-02-15 18:49:07'),
('3c7eabc5-da06-4fb7-a0a1-72b9b2920295', 'SHCB5175', 'Bùi Minh Hoàng', 'NguyễnNgọc Anh@gmail.com', '09777106088', 5, 0, 1, '1996-03-19', 'Nguyễn Ngọc Thanh', '1970-01-01 01:43:00', 'Bùi Việt Hiếu', '1996-02-04 19:33:03'),
('3c84b7da-c8d8-4f5f-ac60-4a848dcba6f2', 'SHCB6866', 'Hoàng Việt Ngọc', 'NôngVăn Ngọc@gmail.com', '09954551575', 7, 0, 0, '2013-11-11', 'Lê Ngọc Giang', '1976-05-16 22:32:58', 'Nguyễn Mai Diễm', '2003-12-05 02:16:18'),
('3d444c23-f5bc-4ea0-82ff-4331e615fed6', 'SHCB9318', 'Trịnh Thị Linh', NULL, NULL, 6, 0, 1, NULL, 'Nông Tuấn Ngọc', '1974-10-14 00:14:10', 'Bùi Ngọc Hoàng', '1970-01-01 00:48:47'),
('3deef46a-0562-40a4-91bc-61cbfd6555f6', 'SHCB9288', 'Nguyễn Thái Thành', '731@gmail.com', '09098888159', 3, 0, 0, '2021-06-30', 'Nguyễn Thị Mai', '1973-02-17 07:39:01', 'Nguyễn Ngọc Trường', '1970-04-03 16:56:29'),
('3e659806-7a66-40f0-ba1b-85712974e993', 'SHCB8918', 'Nguyễn Minh Thái', NULL, NULL, 5, 0, 1, NULL, 'Nguyễn Minh Hường', '1970-01-01 02:16:16', 'Lê Ngọc Minh', '2008-06-08 10:51:41'),
('3f4dbe9a-66f5-404e-8e0f-26cc7074a3f3', 'SHCB6743', 'Nguyễn Việt Thành', '178@gmail.com', '09140846426', 5, 0, 1, '2004-01-17', NULL, '1996-01-21 14:57:00', 'Nguyễn Tuấn Anh', '1970-01-01 00:03:12'),
('3fdcc97b-9cf0-42ba-937d-ea072790ec9d', 'SHCB8285', 'Nguyễn Việt Thuận', 'Thị Hường@gmail.com', '09428781719', 3, 0, 0, '2002-07-24', 'Nguyễn Ngọc Thuận', '1970-01-01 01:16:26', 'Nguyễn Thị Diễm', '1970-01-01 00:00:01'),
('409efb8d-4316-4e11-9b5c-c8c5ef7aee6b', 'SHCB9968', 'Bùi Thị Hân', 'Nguyễn.Việt Thanh959@gmail.com', '09345077460', 3, 0, 1, '1979-06-21', 'Nông Thị Loan', '2013-10-14 18:28:10', 'Lê Văn Hiếu', '1997-06-30 09:32:50'),
('41ebbb4b-c4d5-44f7-8b1f-e069f7eda738', 'SHCB4676', 'Nguyễn Thị Giang', 'VõVăn Minh@gmail.com', '09144748434', 4, 1, 0, '1983-01-27', NULL, '2016-08-31 04:11:45', 'Lê Thị Giang', '1998-04-08 10:49:47'),
('42108f6d-fad2-4da2-881c-c826a2c89d30', 'SHCB6002', 'Võ Diễm Giang', NULL, NULL, 8, 1, 1, NULL, 'Nguyễn Việt Mạnh', '1995-04-29 13:28:25', 'Nguyễn Thị Giang', '1970-01-01 00:15:59'),
('42495461-6bd0-4a5a-bcba-7a70749480ef', 'SHCB5931', 'Nguyễn Văn Cường', 'lquonz2@gmail.com', '09288523379', 8, 0, 1, '1974-10-22', 'Mai Thị Hân', '1970-01-01 01:53:54', 'Trân Mai Giang', '1970-01-01 00:09:57'),
('4265a409-c0ab-4eb7-b8c5-9de1d8df0909', 'SHCB9123', 'Nguyễn Thị Ngọc', 'Minh LyZ@gmail.com', '09439379552', 6, 1, 1, '1970-01-31', NULL, '1996-04-30 00:41:05', 'Nguyễn Mai Ngọc', '1990-07-30 04:57:41'),
('426f5832-3b10-434c-8b5e-ac137f06eece', 'SHCB0941', 'Nguyễn Tuấn Tuấn', 'NguyễnThái Hương@gmail.com', '09614452342', 6, 1, 1, '2010-07-31', NULL, '2015-12-24 19:51:19', 'Nguyễn Thái Cường', '1983-02-28 07:00:02'),
('43611542-49ec-4ce9-a2cc-96a7a50ed877', 'SHCB5781', 'Nguyễn Văn Bằng', 'MaiTuấn Hiếu58@gmail.com', '09759757540', 8, 1, 0, '1990-03-20', 'Nguyễn Ngọc Trường', '1975-07-14 05:25:59', 'Nguyễn Thị Hương', '1999-06-06 05:30:09'),
('4378a1ed-8713-4abc-87c9-9de0e7bff618', 'SHCB3938', 'Nguyễn Tuấn Trường', 'Diễm Linh@gmail.com', '09183740823', 4, 1, 1, '2002-01-14', 'Nông Việt Anh', '1970-01-01 02:03:10', 'Bùi Minh Tuấn', '1970-01-01 00:08:12'),
('43a6fc26-85d3-4072-b15a-9fd4d96dfb95', 'SHCB5741', 'Lê Thái Hương', 'urqlylmy_lkdvcwb@gmail.com', '09645759860', 7, 1, 1, '1970-10-31', 'Nguyễn Thái Minh', '1987-05-13 02:53:01', 'Nguyễn Thị Giang', '1970-01-01 00:05:28'),
('4469cc5d-f3bb-4b56-a462-39b836ccefa0', 'SHCB3986', 'Bùi Tuấn Thuận', 'Nguyễn.Tuấn Tuấn@gmail.com', '09338928060', 8, 0, 0, '1970-02-11', 'Nguyễn Thị Hoa', '1987-09-10 00:44:22', 'Nguyễn Văn Mạnh', '1996-12-18 17:29:33'),
('45a31726-8f5c-419a-be05-bb260164fa93', 'SHCB4419', 'Trân Việt Hiếu', 'Nguyễn_Ngọc Hương@gmail.com', '09119247011', 2, 0, 1, '1992-05-25', 'Nguyễn Văn Cường', '1970-01-01 00:10:13', 'Nguyễn Thị Diễm', '2017-06-14 06:07:23'),
('460f3ba3-4e73-48b7-a50b-1bed7ef3a77c', 'SHCB4866', 'Trân Văn Cường', '@gmail.com', '09704070596', 2, 0, 1, '1995-06-25', 'Nguyễn Văn Thanh', '2010-05-14 04:37:48', 'Trân Ngọc Mạnh', '1970-01-01 01:45:10'),
('476b2666-a568-4074-86ba-19e61be3ce68', 'SHCB5068', 'Nguyễn Thái Thái', 'jrgovpnc.hnfqoomwnp@gmail.com', '09421907772', 5, 0, 0, '2004-09-18', 'Nguyễn Việt Thành', '1970-01-01 00:00:20', 'Nguyễn Thị Lệ', '1999-07-30 03:08:58'),
('481cd274-e8eb-4fe7-b1b3-dcb89e12fe77', 'SHCB9834', 'Trịnh Minh Loan', 'Nguyễn.Việt Hiếu18@gmail.com', '09624673225', 6, 1, 0, '1997-01-27', 'Nguyễn Ngọc Hường', '1999-05-19 17:03:39', 'Nguyễn Thị Ly', '1990-12-26 08:13:38'),
('48426777-4b42-4fe6-9d88-7787d5818d3b', 'SHCB6067', 'Nguyễn Ngọc Ly', 'Tuấn Hoàng365@gmail.com', '09868548708', 5, 0, 0, '1971-07-21', 'Lê Thái Hương', '1970-01-01 00:15:15', 'Võ Minh Cường', '1984-04-07 09:41:53'),
('490f7302-1de9-4fc5-bbf5-efb5ac38a747', 'SHCB2452', 'Võ Ngọc Linh', NULL, NULL, 3, 1, 0, NULL, 'Trịnh Thị Ly', '1970-01-01 02:29:47', 'Mai Minh Ngọc', '1989-11-17 10:27:27'),
('49f0749f-da95-49f6-9976-31a180200939', 'SHCB6603', 'Võ Thị Ngọc', 'NguyễnViệt Bằng@gmail.com', '09210096694', 5, 1, 0, '1970-01-08', 'Nguyễn Thị Diễm', '1970-01-01 00:00:06', 'Nguyễn Thị Mai', '1983-11-13 05:53:19'),
('4a338579-16c1-4b06-8d4c-c93890d10f7d', 'SHCB6209', 'Bùi Tuấn Trường', '@gmail.com', '09538076262', 6, 1, 0, '1970-01-06', 'Nguyễn Mai Linh', '1970-01-01 00:57:14', 'Nguyễn Thái Hoàng', '2010-09-08 04:08:49'),
('4b51c5bb-f92e-449c-9b79-826dcb519691', 'SHCB7045', 'Trịnh Mai Hường', 'Thị Hương@gmail.com', '09602112038', 2, 0, 1, '1983-05-18', 'Bùi Ngọc Lệ', '1985-09-06 07:02:30', 'Nguyễn Thị Lệ', '1970-01-01 00:01:29'),
('4c311f47-9622-4146-a02d-6f233caa5332', 'SHCB8992', 'Trân Văn Tuấn', 'Thị Linh4@gmail.com', '09318134189', 1, 1, 1, '1976-10-30', 'Nguyễn Minh Thái', '2006-01-02 21:44:47', 'Trân Thị Giang', '2001-05-02 14:19:53'),
('4ceb9cb5-12dd-11ed-82ee-0259e1bc84a2', 'SHCB4852', 'Đề Văn Lô', 'lode@gmail.com', '0123456789', 5, 1, 1, '2022-08-03', 'Hello World', '2022-08-03 03:35:20', 'Hello World', '2022-08-03 03:35:20'),
('4cfc35ff-fbfc-458a-8ae9-bbff2e0611d8', 'SHCB1392', 'Nguyễn Minh Thành', 'Trân.Thái Thanh3@gmail.com', '09837703551', 6, 0, 0, '2001-03-22', 'Hoàng Minh Hương', '1970-01-01 00:00:04', 'Võ Thị Linh', '1970-01-01 00:00:48'),
('4e07c9e8-5810-4503-92ac-3f37aeec7fde', 'SHCB0494', 'Nguyễn Thị Mai', 'Thị Loan438@gmail.com', '09105070405', 2, 0, 1, '2011-12-25', 'Nông Ngọc Cường', '2004-09-05 13:40:37', 'Trịnh Thị Linh', '1992-09-04 05:56:40'),
('4e1dbbb2-becb-44c1-b1c1-9c33910b01dd', 'SHCB0237', 'Nguyễn Thái Hoàng', 'tvmdiosw.lfnvhyf@gmail.com', '09509201611', 8, 0, 0, '1996-04-11', 'Nguyễn Tuấn Thành', '1970-01-01 00:00:02', 'Nguyễn Ngọc Hoa', '1970-01-01 00:01:04'),
('4e5ac268-c116-4f61-9cec-1bf9673b5b3a', 'SHCB2340', 'Hoàng Văn Tuấn', 'NguyễnNgọc Mạnh@gmail.com', '09715938762', 2, 1, 0, '1970-09-29', 'Hoàng Việt Ngọc', '1970-01-01 00:05:40', 'Trịnh Thị Giang', '1988-03-08 11:16:16'),
('4e9d0d27-10d1-4314-b725-2062d8650643', 'SHCB1657', 'Nguyễn Thị Ngọc', 'NguyễnViệt Mạnh@gmail.com', '09668807280', 7, 1, 1, '1991-03-30', 'Bùi Văn Thái', '1970-01-01 00:00:05', 'Nguyễn Minh Hoa', '2003-10-13 17:12:50'),
('4efbe223-a970-4d2d-982a-f818093382f4', 'SHCB6856', 'Trân Tuấn Thanh', 'Mai.Ngọc Bằng83@gmail.com', '09158500373', 5, 1, 1, '1970-09-14', 'Nguyễn Thị Ngọc', '1988-09-20 19:52:22', 'Trịnh Thái Mạnh', '1970-01-01 00:00:02'),
('4f0c08c9-8a69-41a8-a3b8-55531cca7e8a', 'SHCB2649', 'Nguyễn Ngọc Mạnh', 'NguyễnVăn Hương181@gmail.com', '09972801328', 4, 0, 1, '1970-01-09', 'Nguyễn Việt Mạnh', '1978-08-24 15:59:18', 'Nguyễn Thị Mai', '1970-01-01 01:29:32'),
('4f6812de-8ccb-4375-90f4-e1292d4359f2', 'SHCB4479', 'Nguyễn Mai Linh', 'Việt Tuấn7@gmail.com', '09040444592', 4, 0, 1, '1978-02-14', NULL, '2000-04-06 05:33:06', 'Nguyễn Diễm Loan', '1970-01-01 00:00:55'),
('4fb18737-946c-497b-90b8-0583f1be3d14', 'SHCB0363', 'Nguyễn Thái Cường', 'Thị Linh@gmail.com', '09825846137', 6, 0, 1, '1970-01-29', 'Nguyễn Ngọc Thái', '1970-01-01 02:00:43', 'Nguyễn Diễm Hân', '1991-06-18 16:56:15'),
('4fd57628-8d81-4af8-b5a9-a3794e51cb7d', 'SHCB6567', 'Nguyễn Thị Mai', 'Thị Hoa@gmail.com', '09954964736', 3, 0, 1, '2002-01-28', 'Nguyễn Minh Ly', '2018-06-12 11:10:33', 'Nguyễn Thị Lệ', '1970-01-01 00:07:19'),
('50137b56-1641-420d-bda5-c14a6734f8e7', 'SHCB8756', 'Nguyễn Thị Giang', 'MaiVăn Bằng@gmail.com', '09555098737', 1, 0, 0, '1992-05-01', 'Lê Tuấn Mạnh', '1970-01-01 00:06:06', 'Hoàng Diễm Linh', '1970-01-01 02:17:08'),
('506b4cac-5897-4316-9b55-a95687c0cea8', 'SHCB6029', 'Võ Minh Mạnh', 'Nguyễn.Việt Thuận55@gmail.com', '09151337378', 2, 1, 0, '2011-10-06', NULL, '2016-09-24 00:19:45', 'Nguyễn Thái Tuấn', '2021-12-31 02:48:16'),
('50f376a7-37cc-4e90-a9cd-233a26303e7f', 'SHCB2397', 'Nguyễn Thị Linh', 'NguyễnTuấn Ngọc53@gmail.com', '09455564044', 4, 1, 1, '1971-03-23', 'Nguyễn Minh Ngọc', '2017-04-29 00:47:10', 'Bùi Ngọc Giang', '2004-06-19 06:58:51'),
('515c5911-eb3f-4710-b87a-2203d585343f', 'SHCB6160', 'Nguyễn Thị Giang', 'NguyễnMinh Mạnh693@gmail.com', '09292575919', 5, 1, 1, '2017-03-08', 'Võ Văn Cường', '2006-09-15 23:13:52', 'Nguyễn Việt Mạnh', '1970-01-01 00:09:20'),
('51650942-fe0c-4b4f-b93b-78853ff2e500', 'SHCB8225', 'Nguyễn Văn Minh', 'Ngọc LyK@gmail.com', '09659353455', 3, 0, 0, '2022-05-27', 'Nguyễn Mai Giang', '1970-01-01 00:00:54', 'Nguyễn Ngọc Thanh', '1995-11-29 01:42:07'),
('516e1738-8b14-4ff9-ab80-e258cef9fab9', 'SHCB5726', 'Bùi Ngọc Anh', 'egjah3@gmail.com', '09768413166', 1, 0, 0, '1974-10-13', 'Nông Minh Bằng', '1970-01-01 00:00:14', 'Nguyễn Thị Giang', '2006-11-01 20:02:04'),
('5253cc74-ffeb-452a-9494-a96fe46fdee3', 'SHCB4503', 'Hoàng Thị Lệ', 'Nguyễn.Ngọc Mạnh@gmail.com', '09504666450', 1, 1, 0, '1970-04-30', 'Trân Thị Lệ', '2002-03-20 12:43:52', 'Nguyễn Minh Mạnh', '2017-04-18 19:23:11'),
('5287c3a1-fe4e-479c-ade7-1bfcf332ca11', 'SHCB3550', 'Bùi Thị Giang', '427@gmail.com', '09523978383', 4, 1, 0, '2007-02-03', 'Nguyễn Văn Mạnh', '2020-08-02 14:47:59', 'Trịnh Minh Tuấn', '1990-02-24 11:19:54'),
('5330ad4d-5a8d-4709-976c-c9ebec3dfe22', 'SHCB8861', 'Nguyễn Diễm Hoa', 'BùiVăn Cường@gmail.com', '09167661630', 1, 1, 0, '2012-05-17', 'Nguyễn Thị Hương', '2004-07-21 23:43:38', 'Nguyễn Ngọc Ly', '1970-01-01 00:07:01'),
('53491deb-f413-4295-835d-af1b56ce1f80', 'SHCB2242', 'Hoàng Minh Hiếu', 'Nguyễn.Tuấn Thái@gmail.com', '09203628024', 5, 0, 1, '1970-01-03', 'Trịnh Thị Hân', '1970-01-01 00:15:11', 'Nông Thị Hường', '2016-02-16 18:37:32'),
('536cd2ce-06a7-487b-bb05-0fdd36d4e8d1', 'SHCB1502', 'Bùi Ngọc Hân', 'NguyễnVăn Thái@gmail.com', '09840036956', 7, 0, 1, '1970-01-09', 'Nguyễn Thái Hoàng', '2001-12-03 11:55:54', 'Mai Thái Hương', '2007-09-24 17:28:55'),
('53beaa80-cc95-43e0-bb16-e30de28ec55f', 'SHCB0051', 'Nguyễn Việt Thanh', 'myrgdix3961@gmail.com', '09350694536', 5, 1, 0, '1970-04-06', 'Lê Mai Diễm', '1978-10-01 11:28:06', 'Nguyễn Tuấn Thanh', '1986-12-06 16:56:30'),
('549b5687-55c5-48f2-9fc1-0df2a96258a2', 'SHCB9915', 'Trân Thị Lệ', NULL, NULL, 6, 0, 0, NULL, 'Nguyễn Thị Ly', '1970-01-01 00:00:28', 'Nguyễn Thị Linh', '1996-11-03 09:33:34'),
('5598f64b-5d44-4552-8687-b052ce1d7914', 'SHCB9129', 'Nguyễn Việt Cường', 'TrânMinh Thái177@gmail.com', '09915775922', 3, 1, 0, '1970-01-05', 'Bùi Thái Cường', '1980-12-12 16:43:01', 'Nguyễn Ngọc Mạnh', '1988-03-24 00:44:33'),
('55abbb1f-f6ab-4ae4-95ff-e43d68bb0c21', 'SHCB5220', 'Nguyễn Minh Tuấn', 'Minh LoanY528@gmail.com', '09476464877', 6, 1, 1, '2013-10-24', 'Nguyễn Thái Thanh', '1999-07-01 11:49:25', 'Trịnh Minh Trường', '1989-10-02 10:12:16'),
('56513816-e84c-4fd1-908f-9247840d6311', 'SHCB5052', 'Trân Việt Tuấn', 'Lê.Tuấn Ngọc857@gmail.com', '09946370634', 6, 1, 1, '2008-03-07', NULL, '1970-01-01 00:00:16', 'Nguyễn Thị Linh', '1976-12-24 15:38:25'),
('56a109df-d93d-4dd6-a5a4-a48ea84a7776', 'SHCB6183', 'Nguyễn Minh Cường', NULL, NULL, 3, 0, 1, NULL, 'Võ Việt Cường', '1970-01-01 00:00:09', 'Nguyễn Diễm Lệ', '1980-10-10 02:41:21'),
('56b797ec-9233-4df1-a5ac-08d4ecf59f1a', 'SHCB2944', 'Nguyễn Thái Trường', 'Nguyễn.Văn Hương7@gmail.com', '09594383875', 8, 0, 1, '1970-11-04', 'Nguyễn Thị Hân', '2007-09-08 10:17:57', 'Trân Tuấn Minh', '1970-01-01 00:01:36'),
('570b1b8a-bf0d-49be-903c-6b8609deb1ed', 'SHCB5346', 'Nguyễn Thị Diễm', 'Thị Hân@gmail.com', '09281151712', 8, 0, 1, '1992-06-22', NULL, '1970-01-01 00:01:10', 'Nguyễn Tuấn Minh', '1970-01-01 01:25:13'),
('57491242-c8c8-4448-9961-4909abab0f56', 'SHCB4611', 'Nông Ngọc Bằng', 'Lê_Minh Anh1@gmail.com', '09712960049', 8, 0, 0, '1977-10-13', 'Nguyễn Thái Ngọc', '2013-12-10 02:23:24', 'Nguyễn Thái Mạnh', '1970-01-01 01:02:54'),
('5769ef1d-7a37-48fb-a0bb-e25afb27fb05', 'SHCB3912', 'Lê Thái Tuấn', 'gjhxi2@gmail.com', '09244392981', 8, 0, 1, '2015-04-29', 'Lê Việt Trường', '1995-07-12 08:54:11', 'Nguyễn Tuấn Trường', '1970-01-01 00:00:07'),
('58bb12dc-59e0-4721-b0b9-54029ef46656', 'SHCB6709', 'Lê Thị Ly', NULL, NULL, 4, 1, 0, NULL, 'Hoàng Diễm Lệ', '2019-04-29 09:23:00', 'Trân Thị Mai', '1983-05-26 09:28:45'),
('58ca4e52-581a-4101-8823-ffcb9d9c4101', 'SHCB5107', 'Nguyễn Thái Thành', 'Thị Linh@gmail.com', '09827137285', 6, 0, 1, '1970-04-08', 'Nguyễn Thị Ngọc', '1970-01-01 00:00:58', 'Nguyễn Thị Ngọc', '1980-06-07 07:43:27'),
('590137a3-e04f-4c51-8249-6073698147f5', 'SHCB4776', 'Nguyễn Ngọc Minh', NULL, NULL, 2, 1, 1, NULL, 'Nguyễn Thị Hân', '2006-04-16 08:50:35', 'Nguyễn Việt Bằng', '1985-05-29 06:20:04'),
('5a120393-0938-4039-956a-655f333deaf4', 'SHCB3850', 'Nguyễn Ngọc Thành', 'NguyễnNgọc Thanh@gmail.com', '09244050216', 5, 1, 0, '1990-01-06', 'Nguyễn Thị Giang', '2022-07-24 04:50:36', 'Nguyễn Văn Thuận', '2002-01-19 17:32:56'),
('5ab804b6-4bde-4ebd-a1d1-6512aaaadc6f', 'SHCB7188', 'Nguyễn Tuấn Tuấn', NULL, NULL, 1, 0, 0, NULL, 'Trân Mai Mai', '2010-05-31 21:02:58', 'Nguyễn Việt Trường', '1970-01-01 00:00:28'),
('5bc4cded-418b-4701-a3f2-727160b93149', 'SHCB8729', 'Nông Minh Mai', 'NguyễnVăn Thành@gmail.com', '09522322619', 8, 0, 1, '1977-05-30', NULL, '2004-07-21 22:38:01', 'Trân Thái Bằng', '2004-12-26 18:26:09'),
('5d1cc38a-edcb-4494-92db-67bce905a29e', 'SHCB9904', 'Bùi Thái Bằng', 'bric06@gmail.com', '09279072702', 4, 1, 1, '2021-04-11', 'Nguyễn Tuấn Trường', '1970-01-01 00:00:31', 'Nguyễn Tuấn Hiếu', '1970-01-01 02:16:19'),
('5d1d21d4-4b42-440e-a4dc-86ab5744537a', 'SHCB9938', 'Mai Thị Hương', 'yupsdp570@gmail.com', '09261638195', 8, 1, 1, '1984-04-05', 'Võ Ngọc Ngọc', '1986-01-25 15:44:20', 'Võ Thị Hương', '1970-01-01 00:10:44'),
('5e1388c4-efd7-4aaa-a179-c6ef2117af0e', 'SHCB1318', 'Nguyễn Ngọc Mạnh', 'Văn Cường47@gmail.com', '09940065736', 8, 0, 1, '1970-01-16', 'Nguyễn Ngọc Hương', '2009-03-09 00:52:16', 'Hoàng Minh Hoa', '1982-10-23 22:43:01'),
('5edf6bdb-2575-45d7-93ed-4c970bdf08b4', 'SHCB5137', 'Trịnh Ngọc Mạnh', NULL, NULL, 8, 0, 0, NULL, 'Nguyễn Thái Mạnh', '1992-06-05 07:05:08', 'Võ Ngọc Cường', '1982-08-16 22:18:09'),
('5f20601b-5521-4616-99a4-fef4e2002c64', 'SHCB9232', 'Nguyễn Thái Trường', 'BùiThái Thuận@gmail.com', '09660585546', 7, 0, 0, '2015-09-16', 'Hoàng Thái Cường', '2008-08-25 11:10:50', 'Hoàng Mai Loan', '2020-04-30 10:18:29'),
('5fa7c4b6-b9f2-4e90-a4e7-cd6b0abf9943', 'SHCB6460', 'Nguyễn Việt Thuận', 'Nguyễn.Việt Hiếu@gmail.com', '09947486294', 1, 0, 0, '2020-10-16', NULL, '1995-08-18 10:44:51', 'Nguyễn Việt Hiếu', '1995-05-13 03:24:45'),
('5fd0c428-c2c9-47ca-ac1c-1b8d7bb68bad', 'SHCB4333', 'Nguyễn Ngọc Thuận', 'Diễm Hương@gmail.com', '09609295308', 4, 1, 0, '1993-01-28', NULL, '1970-01-01 00:00:08', 'Trịnh Thị Mai', '1984-07-08 03:10:47'),
('601159ee-ea5a-478a-8a79-d4ad81566793', 'SHCB5265', 'Nguyễn Thị Giang', 'NguyễnMinh Minh49@gmail.com', '09517513879', 8, 1, 0, '1972-06-13', 'Nguyễn Thái Trường', '1970-01-01 00:09:01', 'Trịnh Việt Thuận', '1979-12-03 11:17:49'),
('60adc9c5-c238-44c1-8e96-5e12a98d75ab', 'SHCB0816', 'Nông Ngọc Hương', NULL, NULL, 2, 1, 0, NULL, 'Lê Thị Hoa', '1984-03-04 00:07:15', 'Nguyễn Minh Hương', '1970-01-01 02:26:22'),
('60cbc454-1844-4130-87ee-0a76229abb1d', 'SHCB5463', 'Nguyễn Minh Thái', NULL, NULL, 3, 1, 1, NULL, 'Nguyễn Thị Mai', '2006-08-22 17:47:21', 'Trịnh Việt Thái', '1994-07-18 00:24:57'),
('60e07297-df70-4daf-b958-8ade30e34e54', 'SHCB9990', 'Tran Danh', 'trannhatdanh15062001@gmail.com', '0112345456', 5, 1, 0, NULL, '', '2022-08-17 11:32:36', '', '2022-08-17 11:32:36'),
('64684ad8-a74b-422c-ac9e-b28b3f27088c', 'SHCB0236', 'Nguyễn Ngọc Anh', 'Bùi_Ngọc Hoàng49@gmail.com', '09211958112', 6, 0, 0, '1989-09-02', 'Trịnh Thị Hân', '1970-01-01 00:00:11', 'Nguyễn Mai Hoa', '1974-12-17 10:37:10'),
('65ae48a8-374d-4859-8894-0595921eff35', 'SHCB2925', 'Nguyễn Thị Ngọc', 'Nguyễn.Tuấn Cường256@gmail.com', '09170918097', 5, 0, 1, '2000-04-02', 'Trịnh Thái Trường', '2014-07-15 16:11:13', 'Nguyễn Ngọc Thuận', '1970-01-01 00:02:49'),
('65c2fabc-bd65-419c-a875-e781f67b538a', 'SHCB2506', 'Bùi Minh Trường', 'xlnfdned.deftu@gmail.com', '09801163700', 7, 0, 1, '1970-01-10', 'Mai Việt Minh', '1980-09-01 17:06:41', 'Trân Ngọc Ly', '1970-01-01 00:00:09'),
('66ae133d-cc69-4d35-ad38-a5957cb32f3f', 'SHCB0083', 'Hoàng Ngọc Lệ', '316@gmail.com', '09786625149', 5, 0, 0, '1990-09-09', 'Lê Minh Trường', '2012-07-11 00:49:46', 'Lê Việt Hiếu', '1976-12-02 06:09:54'),
('66c95b4c-d78f-42af-bdf2-c76a8e509b47', 'SHCB0092', 'Nguyễn Thị Linh', 'Nông_Việt Cường@gmail.com', '09022873488', 4, 0, 1, '1972-08-29', 'Hoàng Thái Trường', '2006-04-16 08:13:03', 'Nguyễn Ngọc Ly', '1970-01-01 00:00:10'),
('66dbab87-ee95-4a20-bb67-6a0d0a5d9f18', 'SHCB9691', 'Nguyễn Thái Thuận', 'Việt Thanh@gmail.com', '09595232448', 6, 0, 0, '1972-06-29', 'Nguyễn Việt Hương', '1970-01-01 01:10:14', 'Mai Ngọc Thành', '2005-07-28 09:41:03'),
('66ecb93d-1362-4115-8ac1-b5704b7df715', 'SHCB6499', 'Nguyễn Thị Ngọc', '@gmail.com', '09851463286', 2, 0, 1, '2013-09-02', 'Mai Thị Ngọc', '1974-10-20 01:11:27', 'Nguyễn Minh Hường', '1974-04-26 10:00:07'),
('680f009b-b611-42aa-95dc-bcd8977c0fbe', 'SHCB0412', 'Bùi Ngọc Trường', '@gmail.com', '09111865997', 6, 0, 1, '1983-06-13', 'Trân Thị Hường', '2015-10-15 06:29:37', 'Võ Ngọc Ngọc', '1981-01-11 17:23:37'),
('692e62a3-44e5-4907-a0ec-16ce09db0b13', 'SHCB1983', 'Nguyễn Thị Ngọc', 'Bùi.Minh Hoàng@gmail.com', '09032109059', 5, 1, 1, '1994-11-28', 'Nguyễn Thị Linh', '1990-04-16 23:31:28', 'Nguyễn Tuấn Anh', '1990-05-29 10:09:44'),
('69fe39b8-727e-4a35-bd91-6d5a2a8cfdcf', 'SHCB9019', 'Nguyễn Thị Linh', 'Mai_Tuấn Hoàng@gmail.com', '09073311861', 3, 0, 1, '1970-01-28', 'Nguyễn Minh Loan', '1970-01-01 00:00:05', 'Trịnh Thị Hoa', '1970-01-01 00:00:41'),
('6a417e84-76b6-4a28-b306-014b400e35c7', 'SHCB2290', 'Nguyễn Minh Tuấn', 'NôngMinh Trường@gmail.com', '09554740285', 5, 0, 1, '1978-12-08', 'Võ Ngọc Tuấn', '1976-12-05 09:30:48', 'Nguyễn Thị Hoa', '2003-07-18 21:14:45'),
('6bc0ab25-52d3-4b6a-b061-96d9347083b7', 'SHCB9887', 'Bùi Thị Mai', 'TrânThái Mạnh11@gmail.com', '09741308804', 3, 1, 1, '1986-12-02', 'Nguyễn Minh Hân', '1978-01-18 20:27:39', 'Nguyễn Thị Giang', '1975-12-08 10:56:38'),
('6bd04257-d8a4-4614-b144-16433cd6f21e', 'SHCB2613', 'Nguyễn Minh Giang', '@gmail.com', '09091083300', 8, 1, 1, '1970-01-08', 'Nguyễn Thị Loan', '1984-03-14 17:39:20', 'Nguyễn Minh Anh', '1974-11-16 07:55:28'),
('6d20552b-3109-46a5-b7c7-b2c1eb75f9ff', 'SHCB8277', 'Nguyễn Tuấn Anh', 'Nông_Minh Mạnh@gmail.com', '09108325445', 5, 1, 0, '2015-11-11', 'Mai Thái Hoàng', '1970-01-01 01:45:56', 'Nguyễn Văn Hoàng', '1987-01-20 01:03:51'),
('6d7533b6-63f9-45e5-aa3a-da9cafbae150', 'SHCB4895', 'Nguyễn Mai Mai', 'Lê.Việt Anh@gmail.com', '09557043752', 7, 0, 0, '2006-12-06', 'Bùi Ngọc Linh', '2022-03-05 23:22:57', 'Nguyễn Việt Tuấn', '1979-10-10 13:24:24'),
('6ee265f8-b0ea-4c19-9b30-4930c501f3e1', 'SHCB0688', 'Lê Ngọc Hân', NULL, NULL, 1, 0, 1, NULL, NULL, '1975-09-04 00:36:34', 'Nguyễn Minh Ly', '1970-01-01 00:42:51'),
('6f0aec14-05b3-4617-9673-600b4341a959', 'SHCB7720', 'Nguyễn Thị Hoa', 'NguyễnTuấn Tuấn@gmail.com', '09989232822', 6, 0, 0, '2008-04-05', 'Bùi Thị Giang', '2000-11-21 15:58:40', 'Lê Văn Ngọc', '1970-01-01 00:15:17'),
('6f0d1da9-fc45-4d45-a33b-d7b5e5043e52', 'SHCB0183', 'Nguyễn Thị Diễm', 'NguyễnVăn Trường@gmail.com', '09101838579', 4, 0, 1, '1979-05-21', 'Trân Ngọc Ly', '1974-10-26 04:52:43', 'Trịnh Ngọc Bằng', '2004-12-04 11:20:51'),
('6f812f8a-d49e-4256-a179-bf8cf20490f9', 'SHCB4494', 'Hoàng Ngọc Minh', 'Nguyễn.Minh Thành@gmail.com', '09450009430', 1, 1, 1, '1986-03-30', 'Nguyễn Ngọc Thành', '1970-01-01 00:04:22', 'Nguyễn Thị Hường', '1979-11-26 01:36:07'),
('6fbfc375-16bb-400f-ba15-98b5bb20c8e6', 'SHCB8798', 'Mai Thị Mai', 'Bùi.Văn Thanh6@gmail.com', '09426878314', 5, 1, 0, '1994-05-04', 'Nguyễn Thị Ngọc', '2017-05-30 17:36:08', 'Lê Thị Diễm', '1975-01-18 00:56:58'),
('6fd935f7-0714-4acf-b376-07e01aeb8b31', 'SHCB2862', 'Nguyễn Thị Hân', 'NôngTuấn Anh@gmail.com', '09700114447', 3, 0, 0, '1990-04-12', 'Nguyễn Văn Hương', '1996-02-12 13:47:56', 'Nguyễn Thái Thái', '1990-03-30 20:15:41'),
('6fdf33de-d203-4d5d-afdf-b5fd22a3811c', 'SHCB0262', 'Bùi Ngọc Ngọc', 'NguyễnThái Thuận6@gmail.com', '09138971553', 6, 0, 0, '2012-04-19', NULL, '2012-06-13 07:50:43', 'Mai Minh Hoa', '1970-01-01 00:00:10'),
('6fdf5b2d-59a0-42fb-adad-b0cbe7b7cd1e', 'SHCB4874', 'Nguyễn Thị Mai', 'Nguyễn_Tuấn Anh14@gmail.com', '09239804454', 8, 0, 0, '1996-04-07', NULL, '1992-11-08 11:59:38', 'Mai Tuấn Anh', '1970-01-01 00:10:14'),
('706de7ee-a929-4253-a0d5-73f0d5b0ac5e', 'SHCB3708', 'Bùi Thị Giang', 'dyeow5@gmail.com', '09560860912', 1, 1, 0, '1987-05-27', 'Nông Tuấn Thành', '1975-01-31 11:00:25', 'Trịnh Minh Tuấn', '2006-11-12 16:49:29'),
('7080afd2-ef09-4d65-9862-a9d13aa703f8', 'SHCB8031', 'Nguyễn Mai Hân', 'Võ_Thái Cường@gmail.com', '09411747614', 2, 0, 0, '1987-02-19', 'Nguyễn Việt Thanh', '1970-01-01 00:00:59', 'Nguyễn Thị Lệ', '1992-04-24 11:30:42'),
('712946c3-a455-42e2-abd4-a74abb19500f', 'SHCB7470', 'Nguyễn Thị Loan', 'Nguyễn_Minh Minh321@gmail.com', '09281844167', 8, 1, 0, '2007-10-12', 'Nguyễn Ngọc Mạnh', '2001-06-10 13:36:31', 'Nguyễn Thị Diễm', '1970-01-01 00:00:09'),
('7178bff8-727e-4155-a950-03a590df55ba', 'SHCB8351', 'Nông Ngọc Tuấn', 'VõVăn Thuận867@gmail.com', '09872905080', 2, 1, 1, '1970-01-18', 'Nguyễn Thị Diễm', '1970-01-01 00:00:07', 'Nguyễn Thị Loan', '2015-08-31 15:19:54'),
('73767b4b-9ccb-4991-ae76-b9af4738d9bb', 'SHCB3894', 'Nông Thị Giang', '@gmail.com', '09604370556', 1, 1, 1, '1988-08-12', 'Trịnh Thái Cường', '1970-01-01 00:05:04', 'Hoàng Ngọc Linh', '1976-02-24 01:55:25'),
('7394c2fc-969d-4c26-999f-5e8013d58840', 'SHCB0969', 'Hoàng Ngọc Cường', 'Nguyễn.Văn Mạnh294@gmail.com', '09778063465', 7, 0, 0, '1996-07-30', 'Nguyễn Ngọc Lệ', '2002-08-05 19:28:53', 'Nguyễn Thị Mai', '1999-08-29 10:05:13'),
('74204e73-763f-4edc-9278-29763d27aac7', 'SHCB7386', 'Nguyễn Thị Hoa', 'Ngọc Tuấn52@gmail.com', '09041601365', 1, 0, 0, '1981-07-15', 'Mai Việt Hoàng', '2021-12-24 21:03:01', 'Mai Thị Loan', '1989-11-04 00:38:05'),
('74399024-b0d5-443f-80a8-6e37bc9cd29a', 'SHCB4281', 'Trịnh Minh Thành', 'coplxw37@gmail.com', '09647747206', 2, 0, 0, '1995-10-01', 'Nguyễn Việt Thuận', '1995-08-21 15:14:54', 'Nguyễn Văn Thuận', '1970-01-01 00:03:55'),
('744fffce-c4e7-48c4-b92e-6af8b57de725', 'SHCB6862', 'Hoàng Thị Ly', 'Nguyễn.Ngọc Mạnh6@gmail.com', '09385125692', 1, 1, 1, '1984-06-08', 'Nguyễn Ngọc Ngọc', '1970-01-01 00:00:06', 'Nguyễn Minh Tuấn', '1983-06-15 09:15:06'),
('745c4247-b860-4541-be7e-09bc56054e7f', 'SHCB7870', 'Nguyễn Minh Minh', 'Thị Hương@gmail.com', '09248246573', 5, 1, 1, '1970-10-23', 'Võ Việt Bằng', '1970-01-01 00:02:36', 'Hoàng Thái Trường', '1985-06-16 08:40:48'),
('75b84de2-e3ee-49b8-9eee-084ba170b60f', 'SHCB9300', 'Nông Tuấn Tuấn', 'VõMinh Hương2@gmail.com', '09560658456', 6, 1, 1, '1979-12-03', 'Võ Ngọc Ngọc', '1973-09-20 15:37:23', 'Nguyễn Ngọc Mạnh', '1970-01-01 00:16:15'),
('75e8493c-b015-44bd-bcfa-a70826e4a73a', 'SHCB2565', 'Bùi Minh Ngọc', 'Thái Thuận@gmail.com', '09881507246', 4, 0, 0, '2002-08-20', 'Trịnh Thái Bằng', '1987-12-05 17:26:49', 'Lê Minh Hoa', '2010-08-15 05:33:58'),
('77106008-013d-47c3-91bb-0743002e811b', 'SHCB0752', 'Bùi Ngọc Ngọc', 'Trân.Tuấn Cường741@gmail.com', '09616340227', 2, 0, 0, '1995-12-10', 'Nguyễn Diễm Hân', '1970-01-01 01:29:55', 'Nguyễn Thị Hương', '1977-08-30 00:02:27'),
('778723fb-103f-4d6a-b432-e99f4367c4c8', 'SHCB2788', 'Nguyễn Ngọc Linh', 'shrvlc3634@gmail.com', '09759023068', 1, 0, 0, '2001-10-02', 'Nguyễn Minh Tuấn', '1998-03-14 01:35:33', 'Bùi Thái Mạnh', '1978-10-26 18:33:34'),
('77da07fd-aa0b-4eb4-bafc-f44213853b6f', 'SHCB1340', 'Nguyễn Ngọc Bằng', '33@gmail.com', '09781283420', 4, 0, 0, '2009-10-11', 'Trịnh Minh Trường', '1978-08-20 02:55:10', 'Hoàng Minh Bằng', '1970-01-01 00:00:06'),
('79662ea5-99fa-4ddd-8aea-3d2ed3f4218c', 'SHCB8224', 'Nguyễn Văn Thái', 'Nguyễn_Việt Tuấn@gmail.com', '09233857925', 4, 1, 1, '1985-09-18', 'Nguyễn Văn Thái', '1970-01-01 00:00:01', 'Hoàng Minh Ngọc', '1994-10-15 01:03:04'),
('7979c176-f7e6-4cef-ac22-a9e669af4b76', 'SHCB8483', 'Võ Thị Lệ', 'Mai Hương@gmail.com', '09860514746', 7, 0, 0, '1970-03-19', 'Mai Thị Hường', '1970-01-01 00:00:10', 'Nguyễn Mai Hân', '1999-04-15 07:56:23'),
('79d46e39-47b7-4868-b8b0-9b6352396ef4', 'SHCB6663', 'Nguyễn Minh Cường', 'Nguyễn_Ngọc Anh@gmail.com', '09967600112', 1, 1, 1, '1989-04-12', 'Nguyễn Thái Hiếu', '1970-12-03 23:59:38', 'Nguyễn Minh Hân', '2020-05-27 02:38:19'),
('7a117173-74cc-47c3-b3ac-10f3f688b6cc', 'SHCB8139', 'Nguyễn Thị Lệ', 'LêVăn Anh6@gmail.com', '09297454831', 8, 0, 0, '2012-04-05', 'Trân Tuấn Tuấn', '1970-01-01 00:00:09', 'Bùi Thị Giang', '2022-06-17 09:45:18'),
('7a2c5b66-7163-4faa-994f-a52865013573', 'SHCB6371', 'Bùi Thái Trường', 'Nguyễn_Minh Cường@gmail.com', '09083335238', 6, 0, 0, '2020-02-10', 'Nguyễn Minh Hường', '1982-06-02 10:40:36', 'Nguyễn Văn Tuấn', '1993-05-27 17:00:38'),
('7ad7c95c-fa97-44bd-9221-92f0026fffd6', 'SHCB4906', 'Võ Thái Anh', 'Thị Hân@gmail.com', '09868810404', 4, 1, 1, '2007-11-14', 'Nông Thái Trường', '1970-01-01 01:07:45', 'Nguyễn Thị Hương', '2003-01-07 20:38:45'),
('7ba7210d-f12c-4398-87bb-56da99fc4da2', 'SHCB2165', 'Nguyễn Thị Linh', 'NguyễnThái Hương@gmail.com', '09326703308', 8, 1, 0, '2016-05-19', 'Nguyễn Tuấn Tuấn', '1970-01-01 00:00:28', 'Nguyễn Thái Trường', '1972-05-25 07:08:50'),
('7bacbcbc-bb83-4daa-bcc9-63aa6d79f812', 'SHCB6360', 'Nông Minh Mạnh', 'Thái Hoàng@gmail.com', '09583795647', 3, 0, 1, '1970-01-10', NULL, '1986-11-03 22:38:23', 'Nguyễn Minh Ngọc', '1970-01-01 00:16:24'),
('7bb45dff-4eb1-487f-8bd4-fdc284b3519b', 'SHCB0963', 'Mai Mai Ngọc', '@gmail.com', '09561525345', 7, 0, 1, '1978-08-27', 'Lê Tuấn Hoàng', '1999-11-03 15:35:54', 'Nông Ngọc Giang', '1973-02-21 14:27:41'),
('7bb57d26-e2fa-41d6-9c37-ca0cb56dc702', 'SHCB4168', 'Nguyễn Minh Anh', 'Ngọc Anh156@gmail.com', '09410154284', 8, 0, 1, '1970-01-13', 'Lê Thị Ly', '1970-01-01 00:19:15', 'Lê Minh Linh', '1976-05-24 19:01:55'),
('7c09b4f3-90bc-45db-a0ed-c27f815e1e55', 'SHCB9276', 'Nguyễn Văn Cường', 'Thị Hương@gmail.com', '09243847667', 7, 0, 1, '1970-01-09', 'Nguyễn Thái Tuấn', '2012-09-21 23:14:09', 'Hoàng Ngọc Ngọc', '1993-01-04 07:12:48'),
('7c81a15d-e7d8-40ff-8aff-c0271294aa77', 'SHCB6121', 'Mai Ngọc Linh', 'htkqml54@gmail.com', '09703412107', 6, 1, 1, '1994-06-12', 'Nguyễn Ngọc Trường', '2010-07-23 14:00:57', 'Hoàng Ngọc Lệ', '1978-05-06 07:31:11'),
('7c99423d-cc90-4fdc-b5d6-262ec65c9781', 'SHCB2603', 'Nguyễn Thị Diễm', 'VõThái Mạnh@gmail.com', '09952597980', 2, 0, 1, '2015-09-04', 'Nguyễn Ngọc Bằng', '1975-11-06 19:11:23', 'Nguyễn Thái Thanh', '1970-01-01 00:00:06'),
('7ceb9ee3-3599-4501-a839-02c49b8d2415', 'SHCB7685', 'Nguyễn Thị Hân', 'HoàngVăn Minh@gmail.com', '09132668288', 6, 0, 1, '1989-02-24', 'Nguyễn Thị Ngọc', '1970-01-01 00:00:07', 'Hoàng Thị Linh', '1970-07-16 22:17:44'),
('7e21288d-ebe6-43e0-a7ab-2f32b17f0a5e', 'SHCB8518', 'Nguyễn Minh Hoa', 'NguyễnNgọc Mạnh21@gmail.com', '09676379557', 4, 1, 0, '1970-09-01', 'Trịnh Thị Diễm', '1988-02-04 03:36:23', 'Nguyễn Ngọc Hường', '2020-01-23 12:26:27'),
('7fab4559-f6cb-4d8f-9cbb-7b2020a9b672', 'SHCB5317', 'Bùi Thái Thanh', NULL, NULL, 4, 1, 0, NULL, NULL, '1970-01-01 00:00:29', 'Nguyễn Việt Thái', '2006-07-16 09:05:33'),
('80260daa-ffe5-4390-86e1-a091bf39afbd', 'SHCB4868', 'Nguyễn Thị Hương', 'HoàngNgọc Thái@gmail.com', '09911530972', 3, 1, 0, '1970-01-03', 'Nông Thị Hoa', '1988-08-31 00:24:48', 'Nguyễn Minh Thuận', '1990-07-14 03:11:57'),
('804a1561-7c16-4ee9-aad9-a9b78948b4b1', 'SHCB0066', 'Trịnh Thị Giang', NULL, NULL, 2, 1, 1, NULL, NULL, '1970-01-01 00:01:25', 'Nguyễn Tuấn Thuận', '1970-01-01 00:00:20'),
('814c079e-32bb-4886-928b-3438a283a86a', 'SHCB0251', 'Nguyễn Mai Linh', 'Tuấn Thuận@gmail.com', '09981300965', 8, 0, 0, '1970-02-23', 'Nguyễn Thị Diễm', '1993-04-02 01:06:12', 'Nguyễn Thái Mạnh', '1999-08-10 12:37:54'),
('814c52a1-4855-4e31-af20-7375a9ff6273', 'SHCB6162', 'Mai Ngọc Linh', NULL, NULL, 7, 1, 0, NULL, 'Lê Tuấn Ngọc', '1987-07-21 21:39:42', 'Nguyễn Thị Lệ', '1970-01-01 00:07:33'),
('81b20493-4f55-46db-a55e-dcfdad159d7b', 'SHCB4537', 'Nguyễn Ngọc Linh', 'NguyễnTuấn Tuấn@gmail.com', '09023847795', 3, 0, 0, '1981-10-02', 'Nguyễn Thái Bằng', '2009-10-26 22:28:58', 'Trịnh Ngọc Trường', '1970-01-01 00:04:38'),
('8228bd9f-7917-46bf-a827-2238ceec0601', 'SHCB4672', 'Nguyễn Minh Cường', 'VõViệt Tuấn433@gmail.com', '09423627036', 2, 0, 1, '1973-06-18', 'Nguyễn Thị Hường', '1996-01-05 03:51:45', 'Nguyễn Tuấn Thuận', '1970-01-01 00:08:04'),
('82599864-66cb-4441-8e76-fc3e0fba3bb4', 'SHCB2014', 'Nguyễn Thái Trường', 'Trịnh.Minh Trường53@gmail.com', '09263298042', 5, 1, 0, '2005-10-27', 'Trịnh Văn Thuận', '1970-01-01 00:00:03', 'Nguyễn Thị Mai', '2012-07-21 20:41:54'),
('82f5cc92-e93c-4dce-b8a4-0841bd37d5bf', 'SHCB0608', 'Nguyễn Ngọc Hiếu', 'Nguyễn.Việt Bằng7@gmail.com', '09769204431', 5, 1, 1, '1982-04-09', 'Bùi Thị Hân', '1970-01-01 00:04:44', 'Nguyễn Văn Minh', '1970-01-01 00:15:50'),
('84204bb0-8962-4cc0-bfc3-8f7800d7441c', 'SHCB0878', 'Nguyễn Thái Tuấn', 'Trân.Tuấn Tuấn@gmail.com', '09799743290', 7, 1, 0, '1999-03-03', NULL, '1970-01-01 00:01:46', 'Hoàng Thái Tuấn', '1990-03-07 09:05:19'),
('844638c8-3385-4770-88e6-15229464eb27', 'SHCB2272', 'Nguyễn Mai Hường', 'Mai.Văn Thanh479@gmail.com', '09704736775', 8, 1, 0, '1981-07-17', 'Nguyễn Thị Mai', '1970-01-01 01:42:04', 'Nguyễn Văn Hoàng', '2007-12-24 14:15:37'),
('84644ac6-5a10-463f-b952-921ae15b30e4', 'SHCB3604', 'Trân Tuấn Bằng', 'jdjr7039@gmail.com', '09893514644', 7, 1, 0, '2005-11-23', 'Nguyễn Ngọc Linh', '1974-11-15 01:28:03', 'Nguyễn Ngọc Hoa', '1987-02-20 10:30:33'),
('860057c7-875a-4a2a-8c73-4d13bd4e1b17', 'SHCB2138', 'Lê Ngọc Anh', 'NguyễnMinh Ngọc@gmail.com', '09575340106', 2, 1, 0, '1970-01-09', NULL, '1999-09-05 06:34:16', 'Mai Ngọc Diễm', '1970-01-01 00:00:10'),
('87ec7604-b931-4996-bdc2-90bb98159561', 'SHCB4759', 'Mai Minh Mạnh', 'Tuấn Trường@gmail.com', '09965005558', 8, 0, 1, '1996-09-05', 'Nông Thái Bằng', '1979-07-18 14:07:33', 'Nguyễn Thị Ly', '1970-01-01 00:00:53'),
('892899a4-3709-452a-86fe-5a6e2b677720', 'SHCB6134', 'Mai Việt Anh', 'Nguyễn_Ngọc Thái@gmail.com', '09702621567', 1, 0, 0, '1970-01-10', 'Nguyễn Thị Mai', '1970-08-19 13:58:19', 'Võ Ngọc Hường', '1970-01-01 00:00:23'),
('89786d60-dbfa-4e79-8b56-9ec35a7551d4', 'SHCB6243', 'Lê Văn Minh', 'NguyễnThái Tuấn7@gmail.com', '09160534536', 1, 0, 0, '1996-09-24', 'Nguyễn Minh Hương', '1970-07-25 07:43:06', 'Nông Tuấn Mạnh', '1975-08-11 11:09:09'),
('8b3f676b-a2df-4012-994a-665e3ade21a6', 'SHCB0320', 'Nguyễn Thị Ly', 'Thị Ly@gmail.com', '09353551190', 2, 1, 1, '2004-03-26', 'Nguyễn Ngọc Hoa', '1970-01-01 00:16:12', 'Mai Thị Ly', '1973-01-25 15:40:47'),
('8cd0294e-449a-4e97-a1a3-f112018065ba', 'SHCB9989', 'Tran Danh', '', '', 4, 0, 1, NULL, '', '2022-08-17 00:11:25', '', '2022-08-17 00:00:00'),
('8e270b1b-f1d8-45ec-82a1-5052d37a198d', 'SHCB5869', 'Trân Thị Hoa', 'nietpbyp.ohloc@gmail.com', '09976825521', 5, 0, 0, '2007-12-03', 'Nông Minh Mạnh', '1970-01-01 00:00:04', 'Nguyễn Minh Hoàng', '2001-04-13 18:43:18'),
('8e29b6e2-687a-4838-9e42-68f180b72209', 'SHCB8011', 'Trân Việt Thuận', 'Nguyễn_Ngọc Hoàng@gmail.com', '09266291548', 8, 0, 0, '1971-01-01', 'Trịnh Thị Hương', '1970-01-01 00:00:28', 'Mai Thái Thanh', '1992-01-14 02:58:11'),
('8ef6f06a-de9e-4a1a-a444-8f4a9086a5cb', 'SHCB0302', 'Lê Minh Bằng', '@gmail.com', '09623992491', 2, 0, 0, '1970-01-17', 'Mai Thái Cường', '2000-01-28 03:01:01', 'Nông Ngọc Tuấn', '2012-12-30 12:15:31'),
('8fd383aa-0c75-4fed-8968-225ce86ea5c1', 'SHCB6292', 'Nguyễn Minh Tuấn', 'Ngọc Ly475@gmail.com', '09748833877', 8, 0, 1, '1970-03-03', 'Hoàng Thị Hân', '1992-07-31 18:46:46', 'Nguyễn Thị Hương', '1972-06-24 21:56:28'),
('8ffee253-e08c-4403-95e9-5cec7f2c729a', 'SHCB4642', 'Nguyễn Thái Mạnh', 'Ngọc Minh@gmail.com', '09680824193', 1, 0, 0, '1970-01-09', 'Lê Thị Diễm', '2008-03-25 06:45:46', 'Võ Mai Ly', '1970-01-01 00:15:09'),
('901dad83-545e-4be4-a15e-9ea203e871bb', 'SHCB2990', 'Nguyễn Thị Hương', 'NguyễnThái Bằng@gmail.com', '09809880859', 1, 0, 0, '1970-03-30', 'Nguyễn Thị Linh', '2000-05-16 17:09:47', 'Nguyễn Minh Hương', '1970-01-01 00:00:45'),
('901ffec5-9e1e-4d84-a353-2f64933b4fdd', 'SHCB6949', 'Võ Thị Ngọc', 'Bùi_Việt Hoàng992@gmail.com', '09336915871', 5, 1, 0, '2012-02-20', 'Nguyễn Việt Trường', '1970-01-01 00:00:07', 'Nguyễn Minh Ly', '1984-06-08 13:07:28'),
('90a7a694-e3ea-4b51-859e-8397bc8a5733', 'SHCB6918', 'Trân Tuấn Trường', 'Thị Hương@gmail.com', '09352615378', 3, 1, 1, '1978-06-15', 'Nguyễn Văn Minh', '1970-01-01 00:04:04', 'Nguyễn Thị Linh', '1970-01-01 00:00:05'),
('90ac3763-28ed-4904-a0fd-e12178d7b7a6', 'SHCB3618', 'Trân Thái Thành', '46@gmail.com', '09829064700', 2, 0, 0, '1991-07-16', 'Bùi Thị Hương', '2000-04-12 02:50:43', 'Bùi Thị Mai', '2011-10-01 05:46:34'),
('92233ea8-7fa5-4beb-8e4d-d571291ad698', 'SHCB8609', 'Nguyễn Minh Bằng', 'NguyễnThái Anh2@gmail.com', '09149544281', 5, 0, 0, '1970-04-05', 'Nguyễn Thị Loan', '1974-01-16 17:13:14', 'Hoàng Ngọc Anh', '2015-03-14 01:53:59'),
('9257218e-9e92-46aa-ac11-9622e859164e', 'SHCB1810', 'Lê Tuấn Cường', 'Lê_Việt Hiếu@gmail.com', '09396083787', 2, 0, 1, '1974-08-03', 'Nguyễn Thị Hương', '1970-01-01 00:00:09', 'Nguyễn Ngọc Tuấn', '1982-01-21 00:07:50'),
('93f5e0a6-efea-42e7-9d24-4877cb543a3d', 'SHCB6630', 'Hoàng Thị Ngọc', 'fbvkiv0406@gmail.com', '09380347075', 7, 1, 0, '2004-03-02', 'Nông Minh Thái', '1988-09-23 21:41:33', 'Nguyễn Thị Hường', '2011-02-28 10:26:29'),
('94215650-69a7-4b18-bae1-225ebc0d9c91', 'SHCB3667', 'Bùi Diễm Diễm', 'NguyễnVăn Tuấn4@gmail.com', '09161757871', 8, 1, 1, '1990-05-28', 'Nguyễn Thị Giang', '1970-02-08 20:01:57', 'Nông Việt Hương', '1970-01-01 00:55:39'),
('94881052-aa97-4db0-9054-bb822f07b47a', 'SHCB6779', 'Nguyễn Tuấn Thanh', NULL, NULL, 8, 1, 1, NULL, 'Nguyễn Thị Ly', '1982-08-19 02:59:06', 'Trịnh Văn Anh', '1972-02-05 23:25:30'),
('94a993f5-ee97-4c2b-8533-1b57aef63a51', 'SHCB1068', 'Hoàng Ngọc Linh', 'Diễm Giang647@gmail.com', '09897556614', 8, 1, 0, '1985-07-02', 'Nguyễn Thị Ngọc', '1970-01-01 00:00:07', 'Hoàng Tuấn Thanh', '2005-04-21 04:22:00'),
('95054e81-21e7-4d4d-bc94-5885d84e3a02', 'SHCB8104', 'Nguyễn Thị Diễm', 'rnsm98@gmail.com', '09004080958', 8, 0, 1, '1983-06-27', 'Nguyễn Thị Hường', '1985-07-19 10:47:49', 'Bùi Tuấn Trường', '1970-01-01 00:36:44'),
('9562ba66-8806-4af8-a175-d1131d9bbe7d', 'SHCB0319', 'Nguyễn Thái Ngọc', 'Nguyễn.Thái Anh64@gmail.com', '09461827102', 2, 1, 1, '2008-08-12', 'Trân Ngọc Mạnh', '2000-10-05 07:28:58', 'Hoàng Ngọc Hoa', '1970-01-01 00:00:40'),
('9652366b-f585-4b67-8117-8a6e1dafa25c', 'SHCB2600', 'Mai Thái Cường', NULL, NULL, 2, 1, 0, NULL, NULL, '1990-06-05 15:01:14', 'Nguyễn Tuấn Tuấn', '1980-12-12 08:05:31'),
('97661597-67fc-4fa8-9195-c45aa9a5b8b9', 'SHCB6440', 'Nguyễn Văn Tuấn', NULL, NULL, 4, 0, 1, NULL, 'Nguyễn Tuấn Bằng', '2021-08-31 14:48:55', 'Nguyễn Văn Trường', '1982-01-20 20:54:44'),
('979d19fb-edb4-4e7c-82e7-8585a1c3c3d0', 'SHCB6182', 'Bùi Văn Thái', 'twlg13@gmail.com', '09654737471', 2, 0, 0, '1988-08-16', 'Nguyễn Thị Hoa', '1970-01-01 00:05:08', 'Nguyễn Việt Cường', '1970-01-01 00:01:31'),
('9808c3c5-ba9c-4f16-81fc-3f92bd9df1c5', 'SHCB8960', 'Nguyễn Diễm Diễm', NULL, NULL, 6, 1, 0, NULL, 'Võ Minh Mạnh', '1986-07-09 01:02:06', 'Lê Thị Hương', '2019-07-14 07:59:09'),
('99dd1890-8678-4336-8eae-0b9cd00bd68c', 'SHCB0449', 'Nguyễn Văn Mạnh', 'MaiThái Cường@gmail.com', '09656771387', 6, 0, 0, '2011-02-09', 'Nguyễn Minh Bằng', '1991-03-10 22:16:52', 'Lê Thị Hường', '1970-01-01 00:00:10'),
('9a06b278-a221-4b97-a8d0-95bfa2c176f8', 'SHCB4625', 'Hoàng Thị Ngọc', 'Nguyễn.Thái Thành437@gmail.com', '09531016870', 3, 1, 0, '1982-07-04', 'Trịnh Diễm Mai', '1970-01-01 00:11:55', 'Nguyễn Việt Thuận', '1987-03-21 00:01:54'),
('9a137a9b-a8f4-4b54-a2a4-f21a6205c2f2', 'SHCB9675', 'Bùi Thái Hương', 'NguyễnViệt Ngọc@gmail.com', '09431248532', 1, 1, 0, '1970-01-07', 'Nguyễn Tuấn Cường', '1971-06-19 18:23:03', 'Nguyễn Ngọc Tuấn', '1970-01-01 00:00:08'),
('9a1be819-d51f-474a-8958-3cc0d37afc4c', 'SHCB2475', 'Nguyễn Thị Ly', 'Văn Trường44@gmail.com', '09004895968', 7, 0, 1, '1988-04-01', 'Nông Thị Diễm', '1970-01-01 02:17:28', 'Nguyễn Tuấn Cường', '1998-03-25 00:57:10'),
('9a862761-c585-4b01-8b83-9eabe64aae57', 'SHCB3094', 'Nguyễn Thị Hân', 'Tuấn Trường@gmail.com', '09221582319', 4, 1, 0, '2002-11-01', 'Nguyễn Thị Giang', '1970-06-08 14:31:51', 'Lê Thị Hương', '2005-10-21 18:02:03'),
('9aca46e6-781b-4a9a-996b-d51a701e51ec', 'SHCB1707', 'Trịnh Thị Hường', 'Thị HươngN@gmail.com', '09133879820', 6, 0, 0, '1971-01-16', 'Bùi Thị Giang', '2000-03-17 00:36:56', 'Nguyễn Thị Loan', '1983-02-13 21:00:44'),
('9ae25ca3-9025-4de4-9f25-48db3e4f3496', 'SHCB3503', 'Võ Mai Hường', 'Thị Linh4@gmail.com', '09039423600', 6, 1, 1, '1970-01-19', 'Nguyễn Mai Giang', '1990-11-28 01:24:32', 'Trịnh Văn Minh', '1990-10-06 08:08:36'),
('9b95437d-3e2d-40d3-a504-90e59dcd035f', 'SHCB5537', 'Nguyễn Thái Tuấn', 'Thị Mai@gmail.com', '09219942486', 7, 1, 0, '1997-03-18', 'Nguyễn Thái Thanh', '1970-01-01 02:31:47', 'Nguyễn Diễm Ly', '1970-01-01 00:01:03'),
('9babc097-c9db-45ef-8bd5-38f67dd2e244', 'SHCB9945', 'Nguyễn Minh Thanh', '975@gmail.com', '09452541760', 2, 0, 1, '1970-10-11', 'Võ Tuấn Mạnh', '1978-06-27 09:43:12', 'Mai Minh Diễm', '1979-04-28 18:27:27'),
('9babedb6-030a-4957-a8c4-737cd9d3f47d', 'SHCB1039', 'Bùi Thị Linh', 'Tuấn Thành8@gmail.com', '09539757375', 1, 0, 1, '1994-06-23', 'Lê Tuấn Trường', '1970-01-01 00:00:08', 'Nguyễn Minh Giang', '2018-01-22 02:13:36'),
('9bc0ff13-4f42-4063-9bb7-e8917776690b', 'SHCB2444', 'Nguyễn Thái Hoàng', 'xxgrqae7748@gmail.com', '09369567982', 6, 1, 0, '2000-07-03', 'Võ Minh Linh', '2015-03-10 05:25:45', 'Nguyễn Thái Bằng', '1990-01-07 22:36:24'),
('9c7b0945-48d9-403f-a97f-37117a842c25', 'SHCB4323', 'Mai Minh Hường', 'Ngọc Thuận239@gmail.com', '09908359149', 8, 1, 0, '1976-01-22', 'Nguyễn Thị Linh', '1989-07-14 01:08:02', 'Lê Văn Hoàng', '1976-05-03 11:34:09'),
('9d12728c-f32f-4e73-b538-dddd7b9ca322', 'SHCB3537', 'Mai Thái Hương', 'NguyễnThái Mạnh@gmail.com', '09841621629', 3, 1, 0, '2005-09-03', 'Nguyễn Việt Trường', '1970-01-01 00:00:03', 'Hoàng Văn Ngọc', '2014-02-21 18:00:22'),
('9d63d5b4-df17-43d2-a706-3a0593a66a1e', 'SHCB9105', 'Trân Ngọc Thuận', '475@gmail.com', '09508162570', 3, 1, 1, '1984-10-21', 'Hoàng Việt Mạnh', '1992-05-20 12:47:40', 'Nguyễn Mai Mai', '1970-01-01 02:10:10'),
('9da0813b-3986-4a54-9b04-81a09e1584a9', 'SHCB5365', 'Mai Tuấn Tuấn', 'Trân_Thái Hoàng44@gmail.com', '09825570043', 4, 1, 0, '1988-08-31', 'Bùi Thị Ly', '2003-09-13 13:21:52', 'Trân Thị Mai', '1970-01-01 00:00:04'),
('9ddbae61-3eae-4497-9f99-e99b0006079c', 'SHCB9891', 'Trân Thị Hương', 'NguyễnNgọc Minh@gmail.com', '09243514128', 6, 0, 1, '1989-11-25', 'Hoàng Minh Ly', '2010-02-03 01:07:27', 'Võ Thị Hân', '1973-06-06 13:49:48'),
('9e3102e3-0e42-405e-9a16-0bc1424a1ff6', 'SHCB9424', 'Nguyễn Thị Hương', 'NôngThái Mạnh@gmail.com', '09743020436', 5, 1, 1, '1973-04-16', 'Bùi Minh Trường', '1970-01-01 00:01:00', 'Nguyễn Thị Hoa', '1994-02-12 08:29:38'),
('9e5b9db1-f11b-492c-a106-892133cd502f', 'SHCB0444', 'Bùi Thái Bằng', 'dqywje8@gmail.com', '09829678017', 2, 0, 1, '1987-06-10', 'Nguyễn Thị Diễm', '1992-03-09 05:51:55', 'Nguyễn Thị Lệ', '2009-04-18 16:08:53'),
('9e82c3d8-fd41-4104-9916-f342fef0d80d', 'SHCB3090', 'Nguyễn Văn Cường', NULL, NULL, 8, 0, 1, NULL, 'Mai Ngọc Mai', '1974-12-04 07:49:44', 'Bùi Thị Hường', '1986-04-12 11:03:07'),
('9e9f3a9c-7cd3-415b-8385-3a4abf759e47', 'SHCB0098', 'Trịnh Thị Lệ', 'Minh Cường@gmail.com', '09391999646', 1, 0, 1, '1981-08-15', 'Bùi Ngọc Loan', '1976-08-24 16:03:37', 'Võ Thị Hân', '2009-02-07 10:20:41'),
('9ead3767-84a2-477f-9f0a-b07c97b36c74', 'SHCB4643', 'Nguyễn Việt Ngọc', 'HoàngNgọc Thanh@gmail.com', '09059811285', 2, 1, 0, '1974-10-03', NULL, '1970-01-01 01:48:33', 'Nguyễn Thị Ngọc', '2019-10-01 07:25:34'),
('9ee93aef-7ad4-46ef-a4b5-32da2d254fc7', 'SHCB1425', 'Nguyễn Minh Hương', 'TrịnhViệt Tuấn@gmail.com', '09580007007', 3, 1, 1, '2012-04-22', 'Nguyễn Mai Lệ', '1981-07-27 14:34:42', 'Nguyễn Việt Ngọc', '1985-06-26 14:56:39'),
('9eed242e-25a3-4b8c-b88f-1c0bb2bfe935', 'SHCB8859', 'Nguyễn Ngọc Hương', 'Trịnh_Minh Cường3@gmail.com', '09319455258', 3, 0, 1, '1979-10-12', 'Nguyễn Tuấn Cường', '1998-08-30 05:42:12', 'Nông Thị Diễm', '1970-01-01 00:00:03'),
('a1d5d8e2-3ffb-49c8-b990-e9c33a5c274c', 'SHCB4644', 'Nguyễn Diễm Hân', 'VõVăn Hiếu62@gmail.com', '09691755158', 6, 0, 0, '1970-03-01', 'Nguyễn Tuấn Hiếu', '2017-09-18 01:14:00', 'Nguyễn Ngọc Minh', '2015-05-26 23:15:26'),
('a1e8b125-3601-4e57-953e-ac7a51f53298', 'SHCB4768', 'Võ Văn Bằng', 'Tuấn Trường93@gmail.com', '09007613955', 6, 0, 0, '1985-02-05', 'Võ Việt Trường', '1989-12-09 08:31:27', 'Nông Thị Hân', '1973-01-15 16:12:18'),
('a2316cc0-25f5-490b-9cea-5f6417d03777', 'SHCB0229', 'Hoàng Minh Hiếu', 'Ngọc Tuấn23@gmail.com', '09730524625', 1, 0, 0, '2004-12-05', 'Nguyễn Thị Hương', '1970-01-01 02:29:00', 'Trịnh Diễm Hân', '1990-10-05 11:26:05'),
('a27005c6-7085-4548-b982-ced35fab4dc5', 'SHCB1404', 'Nguyễn Thái Tuấn', 'eflps63@gmail.com', '09122117315', 8, 1, 1, '1970-11-25', 'Nông Thị Linh', '1973-02-24 05:59:59', 'Nguyễn Thị Hường', '1981-06-29 15:55:42'),
('a31c12bf-006c-4290-a590-a0690d7d833b', 'SHCB4091', 'Nguyễn Ngọc Tuấn', 'Thị Giang@gmail.com', '09130064609', 8, 0, 1, '1986-10-07', 'Nguyễn Diễm Ngọc', '1999-07-14 06:34:19', 'Võ Việt Mạnh', '1994-05-17 04:47:30'),
('a3205764-70f0-44b4-bdd1-08103f590685', 'SHCB8722', 'Võ Thị Ly', 'rnbug6208@gmail.com', '09156387334', 3, 0, 1, '2016-04-23', 'Bùi Thị Diễm', '1970-01-01 00:02:10', 'Mai Thị Diễm', '1980-02-04 22:29:49'),
('a3b64762-6802-47c0-a9d1-659ad5e5a5dd', 'SHCB6544', 'Nguyễn Việt Thuận', 'BùiMinh Mạnh2@gmail.com', '09251539071', 7, 1, 0, '1970-01-07', 'Lê Minh Hường', '1990-01-29 00:22:31', 'Mai Thị Lệ', '1970-01-01 00:00:03'),
('a3ef9c38-efff-4ac6-b0fa-731063b28ea4', 'SHCB4291', 'Nông Thị Diễm', 'Nguyễn_Văn Thái2@gmail.com', '09042822995', 1, 1, 0, '2009-10-12', 'Nguyễn Văn Thuận', '1977-08-17 17:45:50', 'Nguyễn Văn Thanh', '1986-04-10 03:52:37'),
('a4105223-5a2c-4516-aac1-53f4274d3959', 'SHCB7983', 'Nguyễn Mai Ngọc', 'Nguyễn_Minh Ngọc166@gmail.com', '09992131882', 1, 0, 1, '2015-11-21', 'Mai Tuấn Hiếu', '1979-07-14 07:46:56', 'Trân Thị Hương', '2021-09-07 04:35:20'),
('a4e1f4fa-923b-4120-bed4-df89fff4e6ec', 'SHCB0064', 'Trân Thái Hiếu', 'tilqx4096@gmail.com', '09603066430', 3, 0, 1, '1997-09-16', 'Hoàng Mai Hương', '2003-08-16 22:28:37', 'Nông Diễm Loan', '2009-02-05 22:21:04'),
('a523f24b-31eb-4df2-b787-244ad84e0164', 'SHCB4086', 'Trịnh Thị Diễm', 'LêViệt Trường566@gmail.com', '09406433223', 2, 0, 0, '1990-03-26', 'Mai Thị Ly', '1970-01-01 00:00:57', 'Nguyễn Tuấn Ngọc', '2005-11-16 11:32:58'),
('a7fc4f67-68c7-48fc-a4fe-47e70d20f245', 'SHCB6616', 'Nguyễn Thị Ngọc', 'Nguyễn.Tuấn Thái3@gmail.com', '09523371793', 6, 1, 0, '2000-07-21', 'Nguyễn Thị Hường', '1979-03-21 12:38:34', 'Nguyễn Tuấn Bằng', '1970-01-01 00:01:38'),
('a858a2a3-358f-4d82-a94d-9955aa036063', 'SHCB6951', 'Nguyễn Thị Diễm', 'Mai.Thái Ngọc449@gmail.com', '09516797639', 1, 1, 1, '1971-11-09', 'Mai Diễm Giang', '1970-01-01 00:05:59', 'Trịnh Ngọc Mai', '1970-01-01 02:42:26'),
('a8c0e98a-2c52-4e15-bc26-58373a82f67d', 'SHCB4602', 'Hoàng Tuấn Tuấn', 'Nguyễn_Tuấn Thái@gmail.com', '09751172746', 7, 1, 1, '1989-06-28', NULL, '1986-08-23 14:19:19', 'Nguyễn Diễm Ly', '1970-01-01 00:16:16'),
('a8de21c4-0f41-4aed-a669-9a625689f0cd', 'SHCB0170', 'Bùi Ngọc Hường', 'NguyễnThái Tuấn@gmail.com', '09474184538', 5, 0, 1, '1971-11-27', 'Nguyễn Mai Hân', '1970-01-01 02:04:13', 'Nguyễn Văn Anh', '1970-01-01 00:00:10'),
('a8e398e0-36bb-44d0-b1cd-b6e2e6108181', 'SHCB9266', 'Trân Minh Hoàng', 'Trịnh_Tuấn Tuấn@gmail.com', '09756508154', 4, 1, 0, '1995-03-30', 'Nông Văn Cường', '1970-01-01 02:28:49', 'Nguyễn Văn Anh', '2021-10-13 10:51:25'),
('a927ae81-91dc-4873-b0f9-489460115e40', 'SHCB5339', 'Trân Thị Lệ', 'Mai Hương@gmail.com', '09149093855', 7, 1, 0, '1972-04-14', 'Hoàng Diễm Giang', '2017-09-05 00:40:25', 'Bùi Minh Hiếu', '1970-01-01 00:07:34'),
('a9730385-fd9f-46e7-bfc1-d0329d102f7e', 'SHCB4436', 'Nguyễn Minh Hoa', 'NôngVăn Trường933@gmail.com', '09259266014', 7, 1, 1, '1971-09-05', 'Nguyễn Tuấn Hương', '2016-03-21 03:41:38', 'Nguyễn Thị Ly', '1995-07-20 01:01:12'),
('a9dcbd7d-cfc5-4faa-a9e1-d0ca02da4254', 'SHCB9204', 'Nguyễn Tuấn Anh', 'Nguyễn.Minh Hiếu36@gmail.com', '09967174311', 3, 1, 1, '2009-09-09', 'Trân Thị Mai', '1983-07-07 10:47:08', 'Bùi Thị Ly', '1970-01-01 00:00:42'),
('aa070c50-0219-48e6-bf5f-f5ba387c53f5', 'SHCB10000', 'Traddddddddddddddddddddddddddđ', '', '', 1, 0, 0, NULL, '', '2022-08-15 15:25:08', '', '2022-08-15 15:25:08'),
('aa7e4363-922b-47ac-a1de-e81711465212', 'SHCB9269', 'Hoàng Thị Loan', 'Ngọc Ly@gmail.com', '09244175395', 7, 1, 0, '1995-03-29', 'Mai Thị Giang', '2004-09-11 01:15:24', 'Nguyễn Thị Hường', '1970-01-01 00:01:20'),
('ab3da4cb-d228-429f-be3d-be0e4483d26a', 'SHCB2393', 'Nguyễn Thị Mai', 'Nguyễn.Văn Tuấn@gmail.com', '09567664642', 2, 1, 0, '2015-06-27', 'Lê Thái Tuấn', '1985-03-08 10:53:28', 'Hoàng Thị Hân', '1973-01-05 06:57:55'),
('ab576327-5171-4cec-9918-3d5618e7de46', 'SHCB9035', 'Nguyễn Thái Thành', 'keyqbtaj_pftclw@gmail.com', '09654224331', 5, 1, 1, '1987-10-31', 'Nguyễn Thị Lệ', '1993-07-04 09:44:42', 'Mai Tuấn Cường', '1970-01-01 00:00:02'),
('aba8cd55-1686-41b2-93da-547356515023', 'SHCB9529', 'Nguyễn Thị Hương', 'TrânViệt Thành@gmail.com', '09018099388', 4, 0, 1, '2009-06-03', 'Nguyễn Ngọc Hân', '2021-11-08 11:11:47', 'Nguyễn Thị Giang', '1970-01-01 00:00:59'),
('abc45c42-9989-4ecf-85eb-59dc6f9f5927', 'SHCB9879', 'Nông Mai Ly', 'Việt Ngọc87@gmail.com', '09248451843', 1, 0, 1, '2002-05-29', 'Nguyễn Thị Ly', '1976-02-26 03:15:07', 'Nguyễn Thị Hương', '1974-11-15 13:35:18'),
('abd40095-0bea-45a6-9cd2-35792c327bd3', 'SHCB1386', 'Trân Thị Giang', 'NguyễnMinh Hương899@gmail.com', '09663770626', 8, 0, 1, '1989-12-28', NULL, '1986-12-01 16:14:15', 'Nguyễn Thị Hân', '1970-01-01 00:00:02'),
('abe5d5b8-adc8-4bcb-9e2e-429884438cab', 'SHCB1011', 'Trân Thị Ly', NULL, NULL, 7, 1, 0, NULL, 'Nguyễn Mai Hương', '1981-10-09 09:09:09', 'Nguyễn Việt Minh', '1971-04-06 14:43:23'),
('abeec9bd-9511-4d74-81ae-9450397b7e2e', 'SHCB3249', 'Nguyễn Minh Hương', 'Nguyễn_Tuấn Mạnh69@gmail.com', '09525991239', 8, 1, 1, '1972-07-03', 'Nguyễn Thị Loan', '1984-05-13 11:38:47', 'Nguyễn Thị Ly', '1987-01-27 14:59:54'),
('ad14f2ac-45f4-4e11-a183-2e79e6ae10d0', 'SHCB7779', 'Trân Tuấn Thuận', 'Mai.Thái Thuận@gmail.com', '09176860490', 6, 0, 1, '2017-02-04', 'Nguyễn Thị Lệ', '2017-08-25 13:49:11', 'Nguyễn Tuấn Hiếu', '2020-02-13 09:06:47'),
('ad5ee32d-1058-4112-9911-5b2eeadfc5d8', 'SHCB7102', 'Hoàng Diễm Loan', NULL, NULL, 1, 0, 0, NULL, 'Trân Ngọc Hân', '1979-05-30 14:36:47', 'Bùi Tuấn Tuấn', '1983-07-28 23:07:04'),
('ad79faea-39f3-4db6-bc88-3f1cef75aeab', 'SHCB6900', 'Mai Ngọc Hương', 'NguyễnVăn Ngọc@gmail.com', '09393938957', 7, 0, 1, '1990-04-05', 'Bùi Thị Mai', '1988-02-04 19:36:23', 'Hoàng Thái Thuận', '2004-04-14 15:12:56'),
('adde9b32-9776-42be-8b8c-aa04aef6e056', 'SHCB5441', 'Hoàng Minh Loan', 'Mai Giang@gmail.com', '09847779616', 7, 1, 0, '2015-02-25', 'Võ Diễm Hân', '2018-03-25 06:51:31', 'Võ Thái Anh', '1975-12-24 02:46:58'),
('af7d1473-66a9-421f-baaf-e3df572162e2', 'SHCB3463', 'Lê Minh Hoàng', '@gmail.com', '09170601279', 5, 0, 1, '2012-10-23', 'Nông Ngọc Hân', '1970-01-01 00:27:56', 'Nguyễn Thị Ly', '1999-03-25 17:34:55'),
('af8694da-621a-44ff-abd2-6ee73143cf9f', 'SHCB2676', 'Bùi Minh Thành', NULL, NULL, 3, 0, 0, NULL, 'Nguyễn Thị Mai', '1970-01-01 00:00:10', 'Nông Minh Tuấn', '2009-01-30 20:34:52'),
('af9b6c84-4778-434e-843c-298a1a2970d8', 'SHCB3539', 'Bùi Thị Linh', 'Tuấn Trường@gmail.com', '09329031799', 1, 0, 0, '1992-05-20', 'Trịnh Thị Hường', '1970-01-01 00:10:47', 'Nguyễn Ngọc Minh', '2006-08-28 13:01:42'),
('afcd25dd-c28b-40bb-911a-5d44f592eff4', 'SHCB4484', 'Trịnh Tuấn Ngọc', 'Mai.Văn Bằng56@gmail.com', '09015491060', 2, 0, 1, '2014-12-23', 'Nguyễn Minh Hiếu', '1979-08-15 15:32:52', 'Nguyễn Thị Diễm', '1975-11-06 23:05:36'),
('afdffcd2-98c1-49ea-901b-b020913978e4', 'SHCB3351', 'Lê Thái Ngọc', NULL, NULL, 8, 0, 0, NULL, 'Nông Minh Thái', '2020-01-19 04:13:32', 'Lê Tuấn Thái', '1970-01-01 00:00:44'),
('b006d19f-2789-48b5-9c63-aaabf3dd1182', 'SHCB5157', 'Nguyễn Tuấn Mạnh', 'Võ_Tuấn Thái@gmail.com', '09772706448', 3, 1, 1, '2015-08-26', 'Lê Văn Tuấn', '1979-05-28 23:04:39', 'Nguyễn Minh Thái', '1970-01-01 00:44:27'),
('b0c68d20-8b07-4adb-9b8e-195616d910ab', 'SHCB8470', 'Nguyễn Thị Lệ', 'Thị Hường@gmail.com', '09991300482', 2, 0, 0, '1995-12-30', 'Nguyễn Thị Hân', '1998-03-17 20:33:28', 'Mai Văn Cường', '2016-07-20 22:58:51'),
('b1070aec-f862-4b30-ba37-63ce981df1da', 'SHCB0285', 'Nguyễn Thị Ly', 'NguyễnThái Thanh9@gmail.com', '09108919111', 8, 0, 1, '2013-07-31', NULL, '1970-01-01 00:01:38', 'Bùi Diễm Linh', '1970-01-01 01:57:04'),
('b1e7e851-16c1-433f-a660-6fd6b9d5caf2', 'SHCB0719', 'Trịnh Thị Loan', 'Nguyễn.Việt Thuận1@gmail.com', '09989623155', 3, 0, 0, '2022-07-06', 'Lê Việt Mạnh', '2003-12-02 02:48:01', 'Võ Tuấn Tuấn', '1999-04-24 11:56:11'),
('b27deb8c-e357-4de9-9c99-3ee135cff26a', 'SHCB7967', 'Trân Thị Ly', 'Thị Hoa@gmail.com', '09489560129', 6, 1, 1, '1970-01-01', 'Nông Thị Diễm', '1984-12-29 12:45:28', 'Nguyễn Tuấn Hiếu', '1970-01-01 01:11:14'),
('b2e8cd55-77de-4a53-a68c-6260ec0a5628', 'SHCB1174', 'Bùi Minh Mạnh', 'Nguyễn_Ngọc Cường@gmail.com', '09507203959', 6, 1, 0, '2019-09-10', 'Võ Thị Hường', '1989-07-19 22:43:45', 'Hoàng Thị Hân', '2005-05-29 04:35:29'),
('b3aa30f4-f629-4642-bd6f-32ee6c13c114', 'SHCB5059', 'Nguyễn Việt Trường', 'Nguyễn_Văn Bằng@gmail.com', '09756872938', 6, 1, 0, '2014-07-11', 'Nguyễn Ngọc Hân', '1970-01-01 00:00:42', 'Hoàng Mai Giang', '1973-08-15 06:59:32'),
('b42f491e-d98d-4dd3-903f-e5a6451532fe', 'SHCB4954', 'Nguyễn Thị Linh', 'Ngọc Tuấn3@gmail.com', '09837287625', 6, 0, 1, '2006-12-06', 'Võ Tuấn Mạnh', '2018-05-02 15:14:39', 'Mai Ngọc Bằng', '2012-11-16 21:11:07'),
('b532d431-ab4b-4cd8-a35e-3be91db6e7fd', 'SHCB2132', 'Nông Thái Cường', '@gmail.com', '09443144610', 7, 1, 1, '1970-02-04', 'Nguyễn Ngọc Ngọc', '2017-08-26 18:14:17', 'Nguyễn Thị Ngọc', '1983-10-08 04:23:47'),
('b5343487-d3a4-4d2f-8b30-ea5f96d589b1', 'SHCB4321', 'Hoàng Việt Mạnh', 'Nguyễn.Tuấn Hoàng1@gmail.com', '09239946102', 8, 0, 1, '1970-09-24', 'Nguyễn Tuấn Thái', '1970-01-01 00:00:02', 'Nguyễn Tuấn Minh', '1970-01-01 00:02:16'),
('b60a2e0e-7992-443f-add8-984484b46f9f', 'SHCB7131', 'Nguyễn Mai Hương', 'NguyễnViệt Mạnh@gmail.com', '09139906972', 4, 0, 0, '1970-02-26', 'Lê Ngọc Hường', '2013-05-18 10:06:34', 'Nguyễn Ngọc Loan', '1973-11-25 12:38:59'),
('b69771cc-6c8d-4c23-bc6d-e54bec20be1a', 'SHCB9817', 'Nguyễn Thị Mai', NULL, NULL, 7, 0, 1, NULL, 'Nguyễn Thị Hường', '1988-06-18 05:04:19', 'Nguyễn Việt Trường', '1980-06-16 11:32:21'),
('b6dc9ece-81e4-4708-8653-dfc06173b70f', 'SHCB7957', 'Nguyễn Tuấn Thuận', '94@gmail.com', '09219030756', 1, 0, 1, '2011-03-23', 'Nguyễn Thị Hường', '2019-12-02 19:43:37', 'Trân Ngọc Ly', '2012-02-01 05:37:54'),
('b6f0a284-7895-4aa0-866d-f47079fd0537', 'SHCB3087', 'Nguyễn Văn Mạnh', 'Nguyễn_Ngọc Mạnh6@gmail.com', '09163624651', 7, 1, 1, '1977-07-30', 'Trân Diễm Hân', '2014-07-05 06:39:15', 'Nguyễn Thị Hương', '1970-01-01 00:00:58'),
('b76b07e3-619c-4381-bddb-ceb84f022587', 'SHCB7159', 'Bùi Thị Hoa', '@gmail.com', '09350776179', 3, 1, 1, '1976-02-12', 'Võ Thái Hiếu', '1970-01-01 00:01:01', 'Mai Ngọc Ngọc', '1970-01-01 00:01:06'),
('b91f92f7-6143-46ac-91c9-3d2bb8d09ebd', 'SHCB1713', 'Nông Tuấn Bằng', 'Nguyễn_Ngọc Mạnh11@gmail.com', '09951892089', 1, 1, 1, '1984-10-08', 'Trân Thị Diễm', '1992-05-08 17:10:40', 'Trân Diễm Hương', '1987-10-05 14:22:08'),
('b9592454-2237-4e6b-ae7d-7b3843b7498b', 'SHCB0724', 'Bùi Ngọc Ngọc', 'NguyễnVăn Cường838@gmail.com', '09166571396', 7, 0, 1, '1981-09-09', 'Nguyễn Ngọc Mai', '2011-08-05 10:07:00', 'Nguyễn Văn Hương', '1970-01-01 00:00:06'),
('b9b33f9c-dd5d-4b7a-a749-44bb4907004d', 'SHCB5379', 'Trân Thị Ngọc', 'famtjtjn_oeqh@gmail.com', '09152579537', 5, 1, 1, '2014-12-05', 'Nguyễn Thị Hường', '1997-02-16 11:12:12', 'Nguyễn Tuấn Tuấn', '1970-01-01 00:01:09'),
('b9cac883-d50e-4a56-a713-1da0f4144111', 'SHCB3819', 'Nguyễn Thị Linh', 'NguyễnNgọc Bằng@gmail.com', '09777003363', 1, 0, 0, '2003-12-31', 'Lê Thị Diễm', '1999-01-05 21:18:57', 'Bùi Tuấn Trường', '2015-04-17 07:02:27'),
('b9cd071e-0fb7-4c2b-a705-8ef085896138', 'SHCB0858', 'Trân Diễm Hương', 'Văn Thanh@gmail.com', '09130058997', 6, 1, 1, '1984-08-04', 'Nguyễn Việt Trường', '1970-01-01 00:00:10', 'Nguyễn Mai Hương', '1986-07-28 06:57:37'),
('b9ff6708-25ec-4346-9d90-d31688631d06', 'SHCB1379', 'Nguyễn Thị Hương', 'Thị Ngọc@gmail.com', '09424599873', 7, 0, 1, '2015-03-03', 'Lê Tuấn Hương', '1995-01-23 09:24:16', 'Hoàng Minh Anh', '1970-01-01 00:02:19'),
('ba0e578a-2bc4-4c8d-ac4e-347754c78856', 'SHCB1517', 'Nguyễn Diễm Hương', '69@gmail.com', '09731245596', 3, 1, 1, '1992-02-23', 'Nguyễn Tuấn Hương', '1989-05-23 22:59:59', 'Trân Mai Hoa', '1989-03-12 05:14:39'),
('ba11bf46-b6c1-46c9-a02e-7bb933fc4462', 'SHCB4344', 'Trịnh Minh Hương', 'Minh Hiếu@gmail.com', '09617200670', 6, 0, 1, '1979-05-27', 'Mai Thị Hân', '1978-12-08 19:37:47', 'Nguyễn Thị Ly', '1976-12-23 19:04:41'),
('ba6e8c9f-7f0f-4429-bffb-403dd00e1f2e', 'SHCB6042', 'Lê Mai Ly', 'Nguyễn_Ngọc Mạnh673@gmail.com', '09536582464', 2, 0, 0, '1980-06-09', 'Nguyễn Diễm Loan', '1989-02-22 16:00:53', 'Trân Minh Linh', '1983-06-12 22:53:50'),
('ba93b90f-4447-4553-b662-847d35064b0f', 'SHCB0442', 'Hoàng Thị Diễm', 'Mai.Văn Tuấn@gmail.com', '09153815904', 7, 0, 0, '1970-01-20', 'Nguyễn Minh Hường', '2019-03-17 22:07:53', 'Mai Thị Hoa', '2012-04-26 07:56:46'),
('badffc7c-7bf3-4d62-9764-46bcf7312982', 'SHCB2696', 'Lê Ngọc Hường', 'Văn Minh787@gmail.com', '09391160637', 8, 1, 1, '1970-01-07', 'Nguyễn Thái Thuận', '1970-01-01 00:16:04', 'Nguyễn Mai Linh', '1984-12-17 00:22:21'),
('bbcd5bf7-8e7f-47a8-9ae0-83326128ece4', 'SHCB8761', 'Nguyễn Minh Tuấn', 'NguyễnVăn Cường353@gmail.com', '09325704538', 3, 0, 0, '1970-03-07', NULL, '2019-12-28 02:37:39', 'Nguyễn Thái Mạnh', '2015-02-02 20:22:48'),
('bc02094e-39c0-45b7-b116-3523880dfe5e', 'SHCB4368', 'Nguyễn Thái Tuấn', 'Trân.Việt Anh978@gmail.com', '09324976868', 3, 0, 0, '1997-03-28', 'Mai Diễm Lệ', '1970-01-01 00:09:27', 'Nguyễn Văn Hương', '1982-11-06 22:45:03'),
('bcd6ee56-156e-495b-864e-5e4fadc81ddf', 'SHCB7013', 'Hoàng Tuấn Thuận', 'Hoàng_Thái Thành@gmail.com', '09908611184', 4, 1, 1, '2000-07-01', 'Nguyễn Minh Thái', '1970-01-01 00:00:10', 'Trân Thái Minh', '1970-01-01 00:01:39'),
('bcec4d0c-afd6-4ff5-99e5-943fc51b7333', 'SHCB8813', 'Nguyễn Minh Minh', 'Văn Hiếu@gmail.com', '09472246899', 7, 1, 1, '2017-08-04', 'Nguyễn Thị Giang', '1989-10-15 17:57:51', 'Nguyễn Ngọc Mai', '1970-01-01 00:00:21'),
('bdb28cbb-af37-4bd5-b4e9-f6cf5d22e198', 'SHCB4305', 'Trân Diễm Ly', 'BùiVăn Cường8@gmail.com', '09409065365', 4, 1, 0, '1993-04-29', NULL, '1977-09-09 06:46:51', 'Lê Thị Lệ', '1970-01-01 00:03:29'),
('be2c643f-fa0b-4870-ab83-a08faae5c626', 'SHCB3802', 'Nguyễn Thị Hương', 'Trân.Minh Cường9@gmail.com', '09617540574', 3, 1, 0, '1999-05-08', 'Lê Tuấn Trường', '1970-01-01 00:10:23', 'Hoàng Thị Ly', '2011-05-23 05:16:30'),
('be56cb20-80d6-47a7-9625-41676e82c2dc', 'SHCB4962', 'Nguyễn Mai Linh', 'titcbfa46@gmail.com', '09608635961', 8, 1, 0, '1970-02-27', 'Bùi Thị Linh', '1970-01-01 00:06:23', 'Nguyễn Văn Thanh', '1970-01-01 00:09:35'),
('be65aa7e-d52d-43e4-8eaf-840262b819a6', 'SHCB5240', 'Võ Diễm Loan', 'Thị HoaL8@gmail.com', '09156014663', 1, 1, 1, '1984-04-02', 'Nguyễn Thị Giang', '1970-01-01 00:04:17', 'Trịnh Minh Ngọc', '2009-10-10 11:44:25'),
('bea07e49-dc9c-4cdc-9894-7fa3db6e037d', 'SHCB7558', 'Nguyễn Việt Cường', 'NôngMinh Bằng@gmail.com', '09584648737', 5, 0, 1, '2017-11-13', NULL, '2020-04-21 11:33:28', 'Nguyễn Việt Minh', '1974-01-04 17:12:08'),
('beadab89-4518-435a-b341-149f817cdef9', 'SHCB8122', 'Nguyễn Thị Hường', 'Minh Thành353@gmail.com', '09063658864', 7, 1, 0, '1970-12-06', 'Nguyễn Tuấn Thành', '2018-01-26 18:57:30', 'Nguyễn Thị Lệ', '2003-10-27 15:20:41'),
('bedf02a6-b79e-4b1f-9231-c20f49284c97', 'SHCB9224', 'Hoàng Thị Ly', 'LêTuấn Thái@gmail.com', '09609057338', 7, 1, 0, '1992-07-31', 'Nguyễn Ngọc Hoa', '1970-01-01 00:01:06', 'Trân Tuấn Thanh', '1970-01-01 00:40:26'),
('c077ba6b-474e-4a47-bda9-d776c88ddda6', 'SHCB5069', 'Bùi Minh Giang', 'Nguyễn_Thái Cường3@gmail.com', '09999003145', 8, 0, 0, '1971-09-11', 'Trân Mai Mai', '2013-03-20 16:53:25', 'Nguyễn Thị Hương', '1986-12-02 08:11:37'),
('c14af6d3-53c8-4de8-a496-42ddf47f110d', 'SHCB7515', 'Nguyễn Ngọc Ngọc', NULL, NULL, 6, 1, 0, NULL, 'Nguyễn Thị Hoa', '1993-04-19 19:15:24', 'Nguyễn Minh Trường', '1971-11-05 10:15:47'),
('c30d06d5-1325-4113-aa28-e62ca05197d6', 'SHCB3051', 'Võ Minh Hiếu', 'HoàngTuấn Cường@gmail.com', '09716342213', 7, 1, 0, '2002-10-01', 'Trân Minh Hiếu', '2014-09-06 10:22:45', 'Mai Văn Hiếu', '1970-01-01 00:00:09'),
('c320336e-0056-4012-8029-6000b50548f7', 'SHCB9743', 'Nguyễn Thái Cường', 'NguyễnVăn Anh474@gmail.com', '09618383093', 2, 0, 0, '1970-03-25', 'Trịnh Thị Linh', '1980-04-21 02:17:40', 'Nguyễn Tuấn Mạnh', '1970-01-01 00:01:30'),
('c39f5b9c-d23b-4df1-8e40-fe593f45b3de', 'SHCB7684', 'Nguyễn Việt Bằng', 'kqgyeaeb_rtsn@gmail.com', '09118465129', 1, 0, 0, '1989-10-30', 'Bùi Ngọc Ngọc', '2009-06-09 08:09:18', 'Mai Thái Hoàng', '1970-01-01 00:00:09'),
('c4372f36-b849-472a-a65d-8448cb709fa6', 'SHCB2766', 'Nguyễn Thị Mai', 'Ngọc Loan14@gmail.com', '09666528678', 7, 1, 0, '1970-01-08', NULL, '1970-01-01 00:01:36', 'Nguyễn Thị Hường', '1975-08-21 16:18:16'),
('c4ced563-e545-43a7-9a66-f7b1973dc4d5', 'SHCB6391', 'Nguyễn Ngọc Thái', 'Mai.Văn Cường@gmail.com', '09286463988', 3, 1, 1, '2011-07-31', 'Nguyễn Thị Mai', '1994-07-29 10:20:35', 'Lê Tuấn Hoàng', '1982-06-30 08:58:01'),
('c5673495-8368-4d00-ad76-dc58afecb744', 'SHCB0104', 'Lê Thái Cường', 'HoàngMinh Ngọc786@gmail.com', '09006266870', 2, 1, 0, '1971-03-03', NULL, '1970-01-01 02:02:28', 'Nguyễn Thị Hân', '1970-01-01 00:00:01'),
('c6588ce6-1368-43ef-aa20-d9ecc56f3dc7', 'SHCB9449', 'Nguyễn Minh Ngọc', 'TrịnhNgọc Tuấn@gmail.com', '09873006025', 6, 1, 0, '2007-03-29', 'Hoàng Thị Lệ', '1970-01-01 01:52:11', 'Hoàng Thị Ly', '1970-01-01 00:09:35'),
('c6c74171-c99f-4660-89ee-b79e7e0e0ad2', 'SHCB6501', 'Nguyễn Ngọc Bằng', 'NguyễnTuấn Trường717@gmail.com', '09299396979', 5, 1, 0, '1988-05-24', 'Nguyễn Thị Ly', '1970-10-07 20:02:40', 'Nguyễn Thái Minh', '1970-01-01 00:01:33'),
('c6cd3dce-a978-43db-a05d-112261e3e52f', 'SHCB8465', 'Nguyễn Văn Tuấn', 'Võ.Tuấn Hiếu@gmail.com', '09652261825', 2, 0, 0, '2016-03-28', 'Nguyễn Mai Giang', '2009-02-10 08:30:24', 'Hoàng Việt Anh', '2008-12-27 20:31:02'),
('c74eea8c-66d5-4d67-958c-ececedd7718f', 'SHCB0177', 'Nông Việt Ngọc', 'Thị Hân@gmail.com', '09924606185', 8, 1, 0, '1998-02-22', 'Nguyễn Minh Diễm', '1984-08-18 00:40:39', 'Trịnh Ngọc Hường', '1996-10-27 02:14:00'),
('c861a3bf-8f06-41b3-934f-d1da231ee4a9', 'SHCB9385', 'Nguyễn Thị Ly', 'Nguyễn_Tuấn Minh57@gmail.com', '09066003192', 2, 0, 1, '1989-12-22', 'Nguyễn Ngọc Ngọc', '1992-01-11 13:28:19', 'Nguyễn Mai Loan', '2011-08-22 16:53:15'),
('c8954a83-6182-4fb3-8b9b-ac320f02c743', 'SHCB6899', 'Nguyễn Diễm Ngọc', 'khcjbhzu8528@gmail.com', '09104453993', 5, 0, 0, '2002-12-29', 'Hoàng Việt Tuấn', '2007-01-19 14:51:31', 'Trịnh Thái Hương', '1975-07-30 17:27:44'),
('cb427366-6c49-4f4a-9312-80b683d7b65f', 'SHCB2541', 'Nguyễn Thị Hân', 'Thị HoaB@gmail.com', '09070302246', 3, 1, 0, '1970-01-02', 'Võ Thị Lệ', '1970-01-01 02:05:57', 'Bùi Thái Thanh', '1970-01-01 00:15:41'),
('cc05be71-8a41-48ca-954b-150317511524', 'SHCB5615', 'Nguyễn Tuấn Cường', 'Lê.Tuấn Mạnh94@gmail.com', '09358686090', 4, 0, 0, '1980-05-24', 'Mai Việt Cường', '1976-12-15 06:42:50', 'Mai Ngọc Hường', '1970-01-01 00:11:25'),
('cc14eb96-2cd4-4315-a6bd-ea85130fbd5b', 'SHCB7682', 'Nguyễn Thị Hương', 'Trịnh.Tuấn Cường47@gmail.com', '09038310765', 8, 1, 0, '1980-09-20', 'Nông Việt Cường', '1978-10-20 05:54:04', 'Trân Việt Hoàng', '2001-06-29 07:37:47'),
('cca4c02f-fc6b-4cdc-8d20-fe90f4a643de', 'SHCB5626', 'Trân Minh Trường', 'Mai Giang@gmail.com', '09170749401', 3, 0, 0, '1970-01-10', 'Nguyễn Ngọc Ly', '1973-01-10 03:39:52', 'Bùi Thị Diễm', '2004-04-05 12:03:19'),
('ccd848a4-3e9a-445a-bea5-f320174b251b', 'SHCB5712', 'Nguyễn Mai Ngọc', 'Thái Thanh@gmail.com', '09566143292', 7, 1, 1, '2010-08-07', 'Nguyễn Việt Hoàng', '1994-07-21 17:21:10', 'Nguyễn Minh Tuấn', '2001-06-30 04:00:23'),
('cd1c4c11-650a-4a6c-b02e-eebf70cef3b8', 'SHCB0798', 'Nguyễn Tuấn Trường', 'NguyễnVăn Hiếu477@gmail.com', '09293039794', 1, 0, 0, '1990-01-26', NULL, '2017-02-26 10:21:30', 'Mai Thái Minh', '1996-12-12 08:26:37'),
('ce513e52-d788-464d-9c15-3e2f45f367d1', 'SHCB9878', 'Trịnh Văn Hương', NULL, NULL, 5, 0, 0, NULL, NULL, '2011-11-29 13:36:38', 'Nguyễn Việt Hiếu', '1970-01-01 00:00:07'),
('ce843063-899a-44f9-960c-77bb727e30fc', 'SHCB9906', 'Nguyễn Ngọc Loan', 'NguyễnMinh Hiếu53@gmail.com', '09589689375', 4, 0, 1, '2017-07-20', 'Lê Minh Thuận', '2021-12-29 12:09:25', 'Trịnh Thị Hường', '2009-10-19 16:10:27'),
('ceb7bfd3-0aa9-474a-8ef7-9992949d8bc3', 'SHCB6908', 'Nguyễn Ngọc Thanh', NULL, NULL, 8, 1, 0, NULL, 'Nông Minh Hương', '1974-07-24 08:15:01', 'Mai Minh Tuấn', '1976-10-13 10:47:56'),
('ceec263a-2ee6-4669-9efe-01e407c36b90', 'SHCB8700', 'Nguyễn Minh Ngọc', 'aibqzl6664@gmail.com', '09073936678', 6, 0, 0, '2011-04-02', 'Bùi Thái Tuấn', '1970-01-01 00:00:19', 'Nguyễn Ngọc Thanh', '1978-11-23 00:54:14'),
('cf75e1ea-c384-4711-a78c-cb5950f3e64b', 'SHCB0637', 'Nguyễn Minh Tuấn', 'NguyễnVăn Minh575@gmail.com', '09927994494', 8, 0, 0, '1984-02-14', NULL, '1977-02-10 00:41:31', 'Bùi Minh Ly', '1987-12-09 00:18:36'),
('cfb0afb4-d7a6-4d19-9f3b-74d3d99776ff', 'SHCB7140', 'Nguyễn Minh Tuấn', 'MaiViệt Thành@gmail.com', '09101224218', 7, 1, 1, '1984-11-03', 'Hoàng Minh Hiếu', '2014-07-11 00:21:34', 'Hoàng Diễm Hương', '2013-04-19 13:16:46'),
('cffc0346-ba1a-4759-b578-73c7abc840c2', 'SHCB1906', 'Nguyễn Thái Thành', '@gmail.com', '09692397168', 3, 0, 1, '2015-11-26', NULL, '1983-02-02 22:26:50', 'Nguyễn Ngọc Tuấn', '2008-11-08 03:58:05'),
('d0078a40-f02c-4a9d-bc3b-9a48e94a0eae', 'SHCB5975', 'Mai Tuấn Trường', 'Thị Ngọc@gmail.com', '09500127923', 1, 0, 1, '1989-08-10', 'Nguyễn Minh Tuấn', '1970-01-01 00:11:18', 'Bùi Thị Mai', '1970-01-01 00:01:37'),
('d0290ce4-b470-41ea-8ca6-dd30d1c7d13c', 'SHCB6077', 'Nông Văn Thái', '451@gmail.com', '09649054083', 4, 1, 1, '2013-08-05', 'Lê Việt Cường', '1970-01-01 00:00:01', 'Nguyễn Ngọc Tuấn', '1984-02-19 18:56:45'),
('d02c6532-994e-422c-9750-8dd2ab6594f7', 'SHCB4870', 'Trịnh Ngọc Thanh', 'Nguyễn_Ngọc Hương343@gmail.com', '09022839460', 7, 0, 0, '1970-01-10', 'Nguyễn Thị Ngọc', '1986-07-05 05:51:37', 'Trịnh Thị Giang', '2004-03-10 01:13:59'),
('d05ca3a5-8ea0-4ecc-9ff3-5bb3620b6007', 'SHCB6214', 'Nguyễn Minh Mạnh', '957@gmail.com', '09322540695', 4, 1, 1, '2016-06-15', NULL, '1974-03-18 13:42:13', 'Nguyễn Tuấn Bằng', '1970-01-01 01:11:21'),
('d0f57f71-0e2a-46ea-a8be-9381e83ad41a', 'SHCB5501', 'Nông Thị Lệ', 'NguyễnThái Mạnh@gmail.com', '09149000515', 4, 0, 1, '1978-12-09', 'Nguyễn Ngọc Hoa', '1978-05-05 04:50:26', 'Bùi Thị Hường', '1975-12-21 21:59:48'),
('d148fd46-7cc3-4c1f-9cd8-b2c2395a2437', 'SHCB9988', 'Earth818', 'earth818@gmail.com', '0123456789', 5, 1, 1, NULL, '', '2022-08-08 04:41:09', '', '2022-08-08 04:41:09'),
('d1bc0dd7-13b5-4dc9-af90-9f37d55929ff', 'SHCB7880', 'Trân Việt Cường', NULL, NULL, 1, 1, 1, NULL, 'Trân Thái Minh', '1970-06-21 20:26:38', 'Nguyễn Ngọc Hoàng', '2007-12-13 12:13:52'),
('d2172421-fcb3-47d7-954b-a5cf38b12906', 'SHCB3130', 'Nguyễn Mai Hân', '@gmail.com', '09581188821', 2, 1, 1, '1996-11-27', 'Bùi Mai Hường', '1996-11-26 06:59:32', 'Trân Thị Hoa', '1988-02-13 14:01:42'),
('d21cc908-6b45-4738-b869-f73ecea36e3d', 'SHCB3796', 'Lê Mai Giang', 'BùiViệt Thái3@gmail.com', '09570088953', 2, 1, 0, '2014-08-19', 'Lê Thị Lệ', '1970-01-01 00:00:08', 'Nguyễn Việt Trường', '1992-03-20 23:12:56'),
('d240f7a4-ec66-44f5-96de-695750dbbc57', 'SHCB0583', 'Lê Thị Ly', 'Mai_Thái Ngọc121@gmail.com', '09073254586', 4, 1, 0, '2019-09-26', 'Nguyễn Minh Bằng', '2010-09-12 19:23:46', 'Mai Minh Hân', '2004-04-28 22:59:56'),
('d29fa233-2664-4e8f-b27b-c541c934cba8', 'SHCB5728', 'Nguyễn Diễm Hương', 'nemzhhtq281@gmail.com', '09515419450', 2, 1, 0, '2022-03-17', 'Hoàng Mai Hường', '1986-11-16 01:42:41', 'Nguyễn Ngọc Minh', '1970-01-01 00:00:03'),
('d40c053c-1442-4b21-a6bf-425f08a2b799', 'SHCB8007', 'Nguyễn Tuấn Anh', 'Nông.Thái Cường3@gmail.com', '09310599086', 7, 0, 1, '1970-01-04', 'Trân Tuấn Hương', '2007-12-09 07:14:20', 'Nguyễn Minh Hoàng', '1985-07-13 21:33:19'),
('d576becc-de1a-4192-91f4-0908351ef395', 'SHCB7531', 'Hoàng Việt Bằng', 'TrịnhNgọc Tuấn51@gmail.com', '09431993782', 7, 0, 0, '2018-09-12', 'Nông Ngọc Thái', '2002-01-10 08:02:29', 'Nguyễn Thị Hường', '1996-03-24 01:04:54'),
('d5c33c1b-e8f4-42a8-a7b4-c6bfb6e94081', 'SHCB8017', 'Nguyễn Mai Hoa', 'Thị MaiI12@gmail.com', '09443416310', 1, 1, 1, '1990-02-12', 'Nguyễn Ngọc Hoa', '1981-12-03 21:28:26', 'Nguyễn Thái Minh', '1979-02-26 13:40:38'),
('d5c4621c-331c-4944-870c-b713f0499b5c', 'SHCB1682', 'Lê Thị Mai', 'Nguyễn_Minh Cường3@gmail.com', '09768013574', 7, 0, 0, '1991-09-07', 'Nguyễn Tuấn Hương', '2018-07-21 01:12:27', 'Nguyễn Thị Diễm', '1972-08-05 18:34:20'),
('d5d53f02-25bf-4860-999b-276dc31cd462', 'SHCB8343', 'Nguyễn Ngọc Tuấn', 'Nguyễn.Tuấn Thanh@gmail.com', '09433246926', 3, 1, 0, '2017-08-09', 'Mai Thị Diễm', '1970-01-01 00:00:02', 'Trân Việt Tuấn', '1970-01-01 00:00:08'),
('d6b23f24-0aad-49c0-bd64-0947e06a4186', 'SHCB9528', 'Nguyễn Tuấn Cường', 'Nguyễn_Tuấn Trường284@gmail.com', '09325045694', 2, 1, 1, '1971-06-25', 'Hoàng Thị Ly', '1976-02-25 01:45:19', 'Nông Việt Cường', '1970-01-01 00:08:22'),
('d6e1dad1-fe80-4417-9285-fbf0332f6253', 'SHCB7629', 'Nguyễn Thị Linh', 'Thị Hân13@gmail.com', '09624602591', 5, 0, 1, '1970-03-02', 'Trân Ngọc Anh', '2003-11-23 17:45:08', 'Nguyễn Thị Giang', '2003-08-11 11:31:11'),
('d7a98112-d24b-4ac1-b5c8-cc5304647138', 'SHCB0808', 'Nguyễn Việt Bằng', 'Nguyễn.Thái Minh552@gmail.com', '09654320779', 5, 1, 1, '1988-12-25', 'Bùi Ngọc Tuấn', '1995-03-26 23:32:12', 'Bùi Thị Diễm', '1970-01-01 00:02:04'),
('d8219422-ee4f-4d50-93cd-695db63ecb05', 'SHCB3775', 'Trịnh Diễm Ly', 'Nguyễn_Ngọc Tuấn@gmail.com', '09922159570', 1, 0, 0, '1971-11-30', 'Nguyễn Văn Thanh', '2006-06-04 11:18:41', 'Nguyễn Thị Giang', '1979-07-15 00:19:18'),
('d929d665-02d4-4163-aff7-cdbc4c168066', 'SHCB0680', 'Nguyễn Minh Thành', 'Trân.Việt Tuấn228@gmail.com', '09029682982', 2, 0, 1, '1988-06-05', 'Nguyễn Minh Anh', '1977-01-02 23:22:03', 'Lê Văn Mạnh', '2006-07-30 04:33:24'),
('d937f671-8bd8-49d6-b1bd-5c1f9903c35d', 'SHCB2668', 'Bùi Việt Cường', 'hprbte4030@gmail.com', '09655203139', 5, 0, 1, '1977-08-07', NULL, '2017-06-14 21:00:20', 'Nông Văn Hiếu', '2020-04-29 05:09:44'),
('d940555d-5315-451f-bbce-282dd53d1254', 'SHCB7494', 'Trân Thái Trường', 'Thị Diễm338@gmail.com', '09096041953', 4, 1, 0, '1994-11-13', 'Nguyễn Ngọc Thành', '2001-01-01 02:27:14', 'Nguyễn Việt Cường', '2005-10-06 03:45:59'),
('d9af5e74-a953-42d9-8c2e-1be828c27863', 'SHCB0915', 'Bùi Tuấn Trường', 'Trân.Minh Hoàng62@gmail.com', '09686722231', 2, 0, 1, '1971-09-17', 'Lê Minh Thái', '2008-05-10 10:55:43', 'Nguyễn Diễm Giang', '1970-01-01 01:19:53'),
('d9f64973-d216-4741-820a-ba5048e4cbb3', 'SHCB1847', 'Nguyễn Thị Giang', NULL, NULL, 5, 1, 1, NULL, 'Nguyễn Việt Mạnh', '1999-02-24 04:01:11', 'Nguyễn Việt Trường', '1970-01-01 02:29:14'),
('d9fb72cb-3016-4ce8-9d21-ab42060b4906', 'SHCB6304', 'Nguyễn Tuấn Mạnh', 'Lê_Ngọc Ngọc@gmail.com', '09688992520', 3, 0, 1, '1999-05-29', 'Nguyễn Minh Ngọc', '1995-07-05 14:20:07', 'Nguyễn Tuấn Thanh', '1970-01-01 00:01:33'),
('da3b779b-3c79-4afc-ba4f-ff621f0c7120', 'SHCB3261', 'Nguyễn Tuấn Tuấn', 'twkkstpd6@gmail.com', '09501413233', 8, 0, 1, '1976-03-21', 'Nguyễn Thị Diễm', '2004-05-31 06:35:12', 'Nguyễn Thị Hương', '2004-09-08 07:12:11'),
('da6128e0-229d-41bf-a840-1560c0122d97', 'SHCB9091', 'Nguyễn Thái Anh', '53@gmail.com', '09037082281', 1, 0, 1, '1970-06-20', 'Mai Văn Trường', '2001-07-16 08:11:37', 'Hoàng Văn Thuận', '1985-02-21 01:39:47'),
('db34d7f4-642c-4484-8c69-358475865783', 'SHCB3460', 'Nguyễn Diễm Hoa', NULL, NULL, 2, 0, 0, NULL, 'Nguyễn Thị Ngọc', '1976-01-31 01:40:33', 'Nguyễn Tuấn Hoàng', '2008-08-14 05:59:34'),
('db79d86a-7761-4d9b-b290-1c198e68467f', 'SHCB5253', 'Hoàng Ngọc Bằng', 'Việt Tuấn@gmail.com', '09511848669', 8, 0, 0, '1983-08-08', 'Nguyễn Ngọc Hoa', '2004-02-12 13:55:54', 'Nguyễn Minh Linh', '2021-02-05 15:34:01'),
('dc8cdb18-99f0-4df1-b6ee-d978ad9f9a56', 'SHCB9057', 'Nguyễn Thị Linh', 'NguyễnVăn Bằng@gmail.com', '09768354850', 8, 0, 1, '1990-09-15', 'Nguyễn Thái Mạnh', '1970-01-01 00:15:43', 'Nguyễn Thị Hường', '1993-10-29 10:16:01'),
('dcd5247c-893c-491c-8f43-3d1767672250', 'SHCB7675', 'Võ Minh Cường', '@gmail.com', '09999661092', 4, 0, 0, '2020-12-01', 'Hoàng Thị Ngọc', '1970-01-01 00:00:13', 'Hoàng Tuấn Hoàng', '2003-05-21 20:29:08'),
('ddfbd864-707b-4c3f-a57b-6114e885e2dc', 'SHCB8356', 'Lê Diễm Hường', 'Thị GiangB@gmail.com', '09401925144', 3, 0, 0, '2010-09-16', 'Hoàng Tuấn Ngọc', '1970-09-15 04:17:08', 'Trịnh Thị Ngọc', '1970-01-01 00:00:08'),
('de744e7e-56b3-4713-bdbf-972df265df93', 'SHCB3572', 'Trân Thị Ly', 'Văn Thái@gmail.com', '09423601838', 2, 0, 1, '1970-01-04', 'Trịnh Thái Anh', '1998-08-08 21:14:48', 'Lê Thái Bằng', '1970-01-01 00:00:04'),
('df7e466a-7190-4b00-b117-00c4bb583ecc', 'SHCB3577', 'Nguyễn Thị Hoa', NULL, NULL, 8, 0, 0, NULL, 'Nguyễn Thị Ngọc', '2017-05-09 11:01:28', 'Trân Minh Bằng', '2008-09-14 17:55:09'),
('df9e4894-d52b-41ac-8f6c-735c898a7a19', 'SHCB1381', 'Nguyễn Thị Loan', 'Thị Ngọc781@gmail.com', '09186234094', 6, 1, 0, '1970-09-19', 'Bùi Thị Diễm', '1970-01-01 00:00:10', 'Nguyễn Minh Hoa', '2007-12-03 04:01:48'),
('dfbc02b9-8e70-41b0-8c08-ef68e463348f', 'SHCB2792', 'Nguyễn Thái Tuấn', 'Tuấn Cường@gmail.com', '09622809639', 7, 0, 0, '2016-08-04', 'Trịnh Văn Tuấn', '1971-02-03 02:32:16', 'Nguyễn Thị Giang', '2012-01-20 10:35:32'),
('dfed11cf-ec16-4159-9965-2788f3d8aa5d', 'SHCB3321', 'Trân Ngọc Hân', 'Thị Hương@gmail.com', '09068819557', 8, 0, 0, '1994-06-06', 'Võ Tuấn Thái', '1970-01-01 00:01:35', 'Nguyễn Thị Linh', '2001-09-21 21:50:02'),
('e011d313-24f9-4c22-ab97-1b1cc1fd69fd', 'SHCB4714', 'Nguyễn Thị Hoa', '1@gmail.com', '09276378933', 6, 0, 1, '1988-11-02', 'Nguyễn Thị Loan', '2013-08-14 19:45:36', 'Nông Diễm Diễm', '1970-01-01 00:00:04'),
('e0219515-c76d-4cfe-ac95-dcda859f1409', 'SHCB9797', 'Nguyễn Thị Hương', 'Nguyễn_Văn Tuấn797@gmail.com', '09160131020', 5, 0, 0, '2013-09-28', 'Nguyễn Ngọc Trường', '1984-11-05 05:55:33', 'Nguyễn Thị Hoa', '1987-11-16 21:06:37'),
('e06718ed-6271-4114-aab1-d3f8aabc12d1', 'SHCB7312', 'Lê Thị Mai', 'Trân_Việt Mạnh318@gmail.com', '09022905108', 2, 0, 0, '1991-07-27', 'Mai Ngọc Cường', '1970-01-01 01:01:40', 'Nguyễn Tuấn Hoàng', '1981-07-24 21:28:23'),
('e07a1a60-c2e1-4d4b-be6e-e06f22a4d801', 'SHCB5837', 'Võ Việt Trường', 'Tuấn Thanh758@gmail.com', '09880912607', 8, 1, 0, '1975-02-20', 'Hoàng Thị Giang', '2020-12-01 23:33:51', 'Nguyễn Thị Ly', '2016-02-15 11:03:47'),
('e13b1446-f94c-4351-9d4a-d04c00879a27', 'SHCB6284', 'Nguyễn Thị Mai', 'LêNgọc Cường189@gmail.com', '09209167459', 5, 0, 0, '1970-03-07', 'Nông Tuấn Cường', '1970-01-01 00:00:18', 'Võ Mai Mai', '1970-01-01 00:01:08'),
('e1626851-9470-4ea5-9bcb-81df6eab4e23', 'SHCB8935', 'Nguyễn Thái Cường', 'NguyễnMinh Thành@gmail.com', '09516599513', 8, 0, 1, '2015-02-04', 'Nguyễn Thị Linh', '2022-07-08 17:29:36', 'Bùi Thị Diễm', '2018-09-03 23:00:35'),
('e1c9fdb7-ea54-4fae-99f8-1d86c93ec7a0', 'SHCB5861', 'Nguyễn Ngọc Mai', 'zvxtd2720@gmail.com', '09995634129', 3, 1, 0, '1971-10-09', 'Nguyễn Minh Hường', '1998-04-22 16:08:44', 'Mai Thị Ly', '1970-01-01 00:01:05'),
('e3ff775e-600f-4c62-8ce1-de6f1d884758', 'SHCB3891', 'Hoàng Mai Mai', 'mceda4@gmail.com', '09790236998', 1, 0, 1, '1970-01-01', 'Nguyễn Diễm Mai', '1994-07-04 16:54:06', 'Nguyễn Mai Ly', '2022-07-23 00:52:30'),
('e4c5159e-108a-48f4-83e7-b6f2db935821', 'SHCB0503', 'Trịnh Văn Anh', 'Nông_Văn Ngọc@gmail.com', '09201155101', 4, 1, 1, '1970-01-03', 'Nguyễn Thị Lệ', '1970-01-01 00:08:11', 'Nguyễn Thái Hoàng', '1970-09-16 15:26:44'),
('e5337183-cb14-4213-aa69-59a36894039a', 'SHCB1885', 'Nguyễn Tuấn Hiếu', 'Minh Thanh@gmail.com', '09599371530', 3, 0, 0, '1977-07-27', 'Nguyễn Ngọc Mạnh', '1996-07-19 12:22:36', 'Nguyễn Thị Hoa', '2004-09-16 11:10:43'),
('e57060f1-ba32-4f77-b04e-edce743f2e01', 'SHCB3421', 'Nguyễn Tuấn Thái', '@gmail.com', '09950058084', 4, 1, 1, '1981-02-18', 'Hoàng Minh Hương', '2016-02-27 19:46:27', 'Trịnh Tuấn Thanh', '2015-06-12 22:22:57'),
('e64c7c18-4aca-435b-9c23-0929e5ab6a80', 'SHCB9998', 'Tran Danh', '', '', 1, 0, 0, NULL, '', '2022-08-17 20:10:43', '', '2022-08-17 20:10:43'),
('e67629ba-c704-4c37-8a7d-2ac7a597aba0', 'SHCB4466', 'Nông Văn Trường', 'Trịnh.Văn Mạnh@gmail.com', '09096599181', 3, 1, 1, '1973-06-16', 'Mai Ngọc Mai', '2020-06-29 08:21:54', 'Trịnh Tuấn Minh', '2009-08-07 14:12:45'),
('e69977a9-f7bf-46f1-83f7-b8cab1a62b1c', 'SHCB6397', 'Nguyễn Việt Minh', 'qylov6@gmail.com', '09534720413', 1, 0, 0, '2002-06-26', 'Trân Minh Ly', '1988-03-11 16:41:31', 'Nguyễn Mai Loan', '1970-01-01 00:00:59'),
('e7243e54-070e-44f2-86c6-9bcaf7896c84', 'SHCB1704', 'Nguyễn Thị Hương', 'Nguyễn_Tuấn Trường88@gmail.com', '09896409422', 1, 1, 0, '1998-12-17', 'Nguyễn Văn Hương', '2006-06-06 06:04:30', 'Nguyễn Minh Hân', '2008-04-30 21:07:24'),
('e7f89f8e-b28f-45fc-85d6-9b4bcfbc1665', 'SHCB1051', 'Hoàng Mai Ngọc', 'NguyễnVăn Thanh426@gmail.com', '09291655103', 6, 0, 1, '2014-05-14', 'Nguyễn Ngọc Hương', '1979-04-16 12:18:05', 'Võ Thị Mai', '1970-01-01 01:34:18'),
('e9583a62-1760-445c-ad40-4d2a44eaee9a', 'SHCB5166', 'Nguyễn Minh Hân', 'pjkckbwl.uuvvw@gmail.com', '09902188718', 1, 0, 0, '1973-07-23', 'Nguyễn Tuấn Trường', '1987-06-09 22:35:08', 'Mai Thái Hoàng', '1971-03-08 06:39:30'),
('e9bf8931-ba25-4b37-b38d-bbf761821f4a', 'SHCB0518', 'Trân Thị Hân', 'Thị Mai@gmail.com', '09701158451', 2, 1, 0, '1985-03-28', 'Nguyễn Văn Mạnh', '2016-09-12 03:45:39', 'Võ Ngọc Lệ', '1970-01-01 01:08:43'),
('eb6ea533-6b8b-4772-900b-239d8a8dd1d1', 'SHCB1712', 'Nguyễn Thị Linh', 'lnyrspsn.uwojvny@gmail.com', '09565322320', 2, 1, 0, '1970-01-02', 'Nông Văn Cường', '2018-08-27 20:00:55', 'Nguyễn Tuấn Anh', '1970-01-01 02:19:32'),
('ebb74dbf-ca4c-4184-8c29-181e2f0f91b9', 'SHCB7912', 'Nguyễn Minh Hường', 'Thái Thái@gmail.com', '09751659479', 2, 0, 0, '2020-02-21', 'Võ Thị Hân', '1976-04-26 10:42:03', 'Nguyễn Thái Thái', '1989-03-26 22:26:49'),
('ec2618ed-9639-48ca-a097-5b32e62862d3', 'SHCB4278', 'Nguyễn Thị Hoa', NULL, NULL, 4, 1, 1, NULL, 'Mai Văn Anh', '1989-05-01 03:01:09', 'Hoàng Ngọc Trường', '1970-01-01 01:48:14'),
('edcc6620-ebd2-4dc8-bde9-171025c564c0', 'SHCB3730', 'Nguyễn Minh Trường', 'Nguyễn.Minh Hiếu314@gmail.com', '09938114272', 3, 1, 0, '1982-07-29', NULL, '2002-09-29 16:27:06', 'Bùi Văn Tuấn', '1970-01-01 00:01:08'),
('eecd196f-279e-4811-86d8-83acb948a8fc', 'SHCB0001', 'WaterLoo', NULL, NULL, 2, NULL, NULL, NULL, '', '2022-08-10 11:42:00', '', '2022-08-10 11:42:00'),
('ef1bde70-d69c-4767-86d3-cb120d9f348e', 'SHCB5021', 'Trân Thị Linh', 'HoàngVăn Tuấn@gmail.com', '09198523508', 7, 0, 1, '2006-03-27', NULL, '2005-12-19 12:06:10', 'Nguyễn Diễm Giang', '1970-01-01 00:10:50'),
('ef2c52aa-622e-4909-969b-03617e943119', 'SHCB7533', 'Nguyễn Thị Hoa', 'Nguyễn_Tuấn Hiếu@gmail.com', '09129046592', 6, 1, 0, '2007-06-30', 'Nguyễn Văn Hương', '1994-05-24 16:50:45', 'Nguyễn Mai Lệ', '2022-04-11 19:51:19'),
('ef778007-38a2-457c-97c7-92b50b9fa6f2', 'SHCB9526', 'Nguyễn Thái Cường', '@gmail.com', '09070599312', 2, 0, 1, '1998-04-19', 'Nguyễn Thị Hân', '1971-05-02 19:01:42', 'Hoàng Ngọc Trường', '2003-04-21 08:47:56'),
('f003a849-b3a4-44ab-ad8b-9eee558e31b8', 'SHCB0485', 'Nguyễn Mai Hân', 'Nguyễn.Tuấn Ngọc8@gmail.com', '09749144882', 4, 1, 0, '2009-04-21', 'Nguyễn Ngọc Minh', '1984-09-19 11:57:46', 'Bùi Ngọc Hoa', '2009-08-14 12:12:55'),
('f0352b88-ca94-41e0-95a1-b6b5fc0dc945', 'SHCB0226', 'Võ Minh Mạnh', 'Diễm Hương75@gmail.com', '09971434876', 2, 1, 1, '1970-01-10', 'Mai Mai Hân', '1987-11-23 22:01:02', 'Nguyễn Minh Loan', '1970-01-01 00:00:53'),
('f0e74c66-3a0a-46c6-8435-95c49b1f9678', 'SHCB0377', 'Hoàng Thị Hường', 'Mai_Minh Hương@gmail.com', '09106049837', 5, 0, 1, '2004-11-27', 'Võ Diễm Hoa', '2014-04-18 06:04:23', 'Nguyễn Tuấn Trường', '2006-03-06 06:23:50'),
('f0ef988f-01f2-418d-b0f6-fc12dc49d5fc', 'SHCB0137', 'Nguyễn Thái Ngọc', '4@gmail.com', '09866243540', 1, 1, 0, '2012-03-08', 'Nguyễn Minh Mạnh', '1984-09-28 10:12:32', 'Nguyễn Việt Tuấn', '1970-01-01 00:00:28'),
('f16d3c6a-4fad-49d5-bff5-1da0cc07fbd3', 'SHCB0356', 'Nông Thị Loan', 'Ngọc Thanh@gmail.com', '09059303056', 8, 0, 0, '1971-05-18', 'Hoàng Diễm Ngọc', '1997-10-10 00:41:52', 'Nguyễn Thị Hường', '2009-02-24 05:39:20'),
('f182e72c-5836-4aa9-9f92-ad5a1872c76d', 'SHCB7367', 'Trân Thị Hoa', NULL, NULL, 8, 0, 0, NULL, 'Nguyễn Minh Giang', '1970-01-01 00:02:51', 'Nông Tuấn Bằng', '1971-09-28 01:39:16'),
('f2b7a494-4d41-4144-b482-04edd16094d0', 'SHCB5762', 'Nông Ngọc Thành', 'NguyễnThái Mạnh999@gmail.com', '09259412388', 6, 1, 0, '1970-01-11', 'Nguyễn Diễm Diễm', '2000-02-27 13:33:09', 'Mai Văn Cường', '1970-01-01 00:00:12'),
('f2d06aee-76af-4c52-bb2e-45f120a940be', 'SHCB6572', 'Nguyễn Thị Hân', 'Ngọc Hương998@gmail.com', '09426787799', 4, 0, 0, '2016-05-07', 'Võ Văn Tuấn', '2000-01-17 00:40:31', 'Nguyễn Minh Ly', '2000-08-14 08:05:19'),
('f2dcbd16-b2fc-4f50-957a-9710a2cce40e', 'SHCB8453', 'Nguyễn Ngọc Hương', 'Nguyễn.Việt Trường@gmail.com', '09694171649', 2, 0, 0, '2018-06-02', 'Hoàng Ngọc Mạnh', '2011-05-22 10:06:21', 'Nguyễn Thị Ly', '1981-01-22 20:03:32'),
('f3e12c68-e2bc-48cc-a981-d31a6998edf2', 'SHCB4145', 'Nguyễn Văn Mạnh', '@gmail.com', '09279488870', 2, 0, 1, '1991-03-15', NULL, '1970-01-01 00:00:05', 'Trân Thị Giang', '1970-08-17 05:59:47'),
('f418a58b-257e-4f96-9e72-2ddc61cd44c4', 'SHCB2874', 'Trịnh Thị Giang', 'Nguyễn.Ngọc Tuấn@gmail.com', '09274265481', 6, 1, 1, '1996-06-24', 'Nguyễn Văn Cường', '1970-01-01 00:01:02', 'Nguyễn Ngọc Giang', '1979-11-24 14:58:18'),
('f45b44ab-91a8-4f93-a42d-8641c949155d', 'SHCB9999', 'Tran Danh', '', '', 4, 1, 0, NULL, '', '2022-08-17 20:00:59', '', '2022-08-17 20:00:59'),
('f5477909-d7ec-4eb9-be98-8d9c087a7c1f', 'SHCB8792', 'Nguyễn Thái Minh', 'Thị Hường@gmail.com', '09986779837', 8, 1, 0, '1979-05-04', 'Võ Tuấn Thành', '1970-01-01 00:00:25', 'Lê Thị Diễm', '2017-04-20 14:05:51'),
('f621b615-cc46-4221-bb31-90cd25a294f4', 'SHCB3921', 'Nguyễn Minh Hiếu', 'Thị HânD@gmail.com', '09263891427', 3, 1, 0, '2012-05-27', 'Trân Ngọc Mai', '1970-01-01 00:00:31', 'Nguyễn Ngọc Hoa', '1970-01-01 00:10:13'),
('f6cdd4a3-2c40-4c9a-8d3f-901d096235dc', 'SHCB0749', 'Trịnh Việt Anh', 'BùiNgọc Thanh@gmail.com', '09673460555', 5, 0, 1, '1972-04-24', 'Lê Diễm Mai', '1983-03-25 05:18:13', 'Trân Thị Hương', '1970-01-01 00:00:05'),
('f78e1726-b2fb-425a-8b8b-fad2dd743b03', 'SHCB1408', 'Nguyễn Văn Thái', 'Thị HânD@gmail.com', '09562008147', 7, 1, 0, '2017-05-04', 'Hoàng Diễm Giang', '1970-01-01 00:00:48', 'Nguyễn Minh Trường', '1989-08-26 11:31:56'),
('f8350a06-fa12-45bd-992c-785a00d9c33b', 'SHCB5543', 'Nguyễn Minh Lệ', '@gmail.com', '09651693793', 3, 1, 1, '1971-01-18', 'Bùi Văn Cường', '2018-10-18 15:31:17', 'Nguyễn Việt Minh', '1971-01-10 07:53:16'),
('f8445175-1a1e-44fb-ae4b-db3e5a7bbd81', 'SHCB7617', 'Nguyễn Thị Giang', 'NôngViệt Trường7@gmail.com', '09035750908', 2, 0, 0, '1970-01-29', 'Nguyễn Văn Tuấn', '1970-01-01 00:01:35', 'Nguyễn Diễm Giang', '1989-06-22 04:05:10'),
('f97523dd-3c07-4166-8101-a67f7d006278', 'SHCB9890', 'Nguyễn Việt Bằng', 'Thái Mạnh@gmail.com', '09253301407', 4, 0, 0, '1970-01-18', 'Lê Việt Minh', '1970-01-01 00:00:07', 'Lê Văn Hiếu', '1998-05-26 09:36:49'),
('f9d5da6d-3695-4cf5-880f-8e4cf9a5d089', 'SHCB5911', 'Nguyễn Thị Giang', '@gmail.com', '09225220646', 1, 1, 0, '1973-02-07', 'Trân Ngọc Anh', '1994-03-15 20:00:21', 'Nguyễn Việt Thanh', '1970-01-01 00:46:03'),
('fa74a192-4e14-442b-afbb-1128fdb40ac0', 'SHCB2813', 'Nguyễn Minh Thuận', 'Nguyễn_Ngọc Trường@gmail.com', '09895668033', 6, 1, 0, '1971-06-10', 'Nguyễn Minh Tuấn', '1970-01-01 00:46:08', 'Nông Minh Trường', '2015-12-11 19:52:35'),
('faebc1c8-3e87-4afe-bf3e-d844fc443ce7', 'SHCB5204', 'Nguyễn Mai Ly', 'Nguyễn_Văn Trường8@gmail.com', '09993115465', 5, 1, 0, '1993-11-07', 'Lê Mai Linh', '1970-01-01 00:00:18', 'Hoàng Ngọc Ly', '1995-03-10 17:16:12'),
('fb1e2381-685d-4b68-bae4-48cc12584d76', 'SHCB8910', 'Trân Diễm Ly', 'Thị LyI@gmail.com', '09988050759', 4, 0, 0, '2011-09-15', 'Trịnh Văn Mạnh', '2017-07-10 15:21:05', 'Nguyễn Thị Ngọc', '2011-08-02 21:56:15'),
('fc912caa-08cd-44ef-98a8-25fe2cecca6b', 'SHCB3651', 'Nguyễn Tuấn Thuận', 'MaiViệt Thái114@gmail.com', '09541288164', 4, 0, 0, '2019-04-20', 'Nguyễn Việt Ngọc', '1989-05-25 23:33:46', 'Nguyễn Mai Giang', '1979-06-09 00:15:34'),
('fd874bcb-83f2-4e49-b8ab-c52bf5ccf86f', 'SHCB3914', 'Nguyễn Mai Giang', 'NguyễnThái Minh@gmail.com', '09673006070', 6, 0, 0, '1970-01-10', 'Nguyễn Văn Anh', '2003-02-25 05:54:52', 'Nông Văn Ngọc', '1981-03-31 16:17:51'),
('fd8de392-4b2a-4b0d-8b19-0e9ea018657f', 'SHCB8561', 'Nguyễn Mai Lệ', 'Trịnh.Văn Thuận@gmail.com', '09194344773', 4, 1, 1, '1996-04-19', 'Hoàng Mai Hương', '1986-11-16 00:24:22', 'Nguyễn Thị Diễm', '2010-08-30 16:16:18'),
('fe851acc-4f11-4e20-9ad0-591b2c50a286', 'SHCB3767', 'Trân Việt Hương', 'NguyễnMinh Thái5@gmail.com', '09705450858', 1, 0, 0, '1970-03-01', 'Trân Thái Tuấn', '1999-11-12 00:01:49', 'Nguyễn Ngọc Linh', '1999-05-02 11:15:41'),
('fe9e7d7c-2c72-4d92-b7f7-516c89bb4524', 'SHCB6399', 'Trân Việt Thành', 'VõNgọc Cường59@gmail.com', '09936313891', 4, 1, 1, '1970-01-03', 'Nguyễn Ngọc Cường', '1970-01-01 00:00:17', 'Nguyễn Minh Ly', '1987-08-28 20:09:52'),
('fedfab3e-07fe-4aa8-835b-2c6837054805', 'SHCB2722', 'Nguyễn Ngọc Hường', 'VõVăn Hương@gmail.com', '09409349034', 2, 1, 1, '1994-02-14', NULL, '1970-01-01 00:00:53', 'Nguyễn Việt Tuấn', '2003-06-19 22:22:15'),
('ff82ba39-fb91-4cb5-9be0-954c93c75bd0', 'SHCB3001', 'Nguyễn Thị Hân', 'Ngọc HườngF1@gmail.com', '09887835610', 3, 0, 0, '1970-01-06', 'Nguyễn Việt Tuấn', '2015-02-16 08:16:57', 'Hoàng Thị Diễm', '1996-05-11 20:03:20'),
('ffa18844-88ef-43ef-bf19-7be6239aa26f', 'SHCB5720', 'Nông Thị Ly', 'Trịnh.Thái Tuấn5@gmail.com', '09667462539', 8, 1, 0, '1971-09-15', 'Bùi Thị Loan', '2004-01-12 09:17:09', 'Mai Thị Giang', '2010-04-15 13:42:31');

-- 
-- Dumping data for table equimentroom
--
INSERT INTO equimentroom VALUES
(1, 'Kho phòng chung', 'Nguyễn Ngọc Hương', '1974-12-10 03:51:11', 'Lê Thị Diễm', '2021-02-23 19:45:45'),
(2, 'Phòng âm nhạc mỹ thuật', 'Võ Mai Diễm', '1984-07-31 08:10:03', 'Nguyễn Thị Diễm', '2019-08-02 13:07:44'),
(3, 'Phòng Hóa Sinh', 'Nguyễn Tuấn Thanh', '1970-01-01 01:19:23', 'Nguyễn Minh Thanh', '1977-08-29 10:11:54'),
(4, 'Phòng Toán lý', 'Trân Văn Minh', '1981-04-27 22:51:39', 'Nông Ngọc Cường', '2008-11-03 19:31:57'),
(5, 'Phòng Sử Địa GDCD', 'Nguyễn Diễm Mai', '1973-05-09 02:21:53', 'Hoàng Minh Thành', '2018-08-20 07:53:35'),
(6, 'Phòng Tin học', 'Nguyễn Mai Lệ', '1993-01-18 14:24:10', 'Nguyễn Thái Bằng', '2008-12-25 01:16:33'),
(7, 'Phòng Máy tính', '', '2022-08-10 10:53:50', '', '2022-08-10 10:53:50');

-- 
-- Dumping data for table teachersubject
--
INSERT INTO teachersubject VALUES
('11131843-6f2a-7a2b-5052-ee3684e78c27', '1bbedb8f-2778-43b1-bb30-5965add4b8ab', 5),
('111f05c6-6907-1837-7b52-ee3684e78c27', 'af7d1473-66a9-421f-baaf-e3df572162e2', 11),
('1124680f-7807-7fb3-a8a4-4b24de418577', '57491242-c8c8-4448-9961-4909abab0f56', 1),
('118d250d-51f5-699b-6aee-40eadd5993d6', '28c1d282-82b9-4aa8-ab38-8702acb8dc8d', 6),
('11ba9644-53ad-6803-adea-778aee59fea3', '692e62a3-44e5-4907-a0ec-16ce09db0b13', 11),
('12053157-387c-3505-aba4-4b24de418577', '901dad83-545e-4be4-a15e-9ea203e871bb', 6),
('12515794-5ad1-4a4f-60ee-40eadd5993d6', 'aa7e4363-922b-47ac-a1de-e81711465212', 4),
('128f4218-549e-6b73-7441-16298a76bb64', '383f4a33-816e-4b27-949d-ef63d8a78c67', 1),
('12f86b3b-2373-7f8c-b7ef-c9d5c2d91e91', '2196d46f-6e12-454b-8832-dc461383e2e5', 9),
('1338c628-2ae4-4419-b3ef-c9d5c2d91e91', '5598f64b-5d44-4552-8687-b052ce1d7914', 1),
('134d2384-5136-14b7-3907-70859f4ff30d', 'e0219515-c76d-4cfe-ac95-dcda859f1409', 5),
('1355f11a-5e9d-1861-aa35-f63bd3f197bd', '1f8e4b83-a9d3-4702-ab8c-99fb8064db80', 1),
('1390aec2-55ff-1779-6eee-40eadd5993d6', 'a858a2a3-358f-4d82-a94d-9955aa036063', 3),
('139e4e27-20fe-7d12-6052-ee3684e78c27', '9e5b9db1-f11b-492c-a106-892133cd502f', 2),
('13a2380b-2432-582c-7a41-16298a76bb64', '21fff4b5-04fb-46e1-913a-9a73f4fef793', 4),
('13a5d383-769f-5003-3a07-70859f4ff30d', 'af9b6c84-4778-434e-843c-298a1a2970d8', 4),
('13d0e951-601a-7fbb-ad35-f63bd3f197bd', 'c8954a83-6182-4fb3-8b9b-ac320f02c743', 11),
('13e3c85b-6cae-58ec-6407-70859f4ff30d', '94881052-aa97-4db0-9054-bb822f07b47a', 8),
('13f9e623-26ef-6f14-aaef-c9d5c2d91e91', '80260daa-ffe5-4390-86e1-a091bf39afbd', 1),
('14080c13-3694-1393-5c07-70859f4ff30d', '26de7ea4-6ac4-40b5-ad3c-cf44ddf4bb11', 9),
('1420e891-1f5f-3cee-72ee-40eadd5993d6', 'a2316cc0-25f5-490b-9cea-5f6417d03777', 9),
('143365a1-4e02-13a5-7f41-16298a76bb64', 'af8694da-621a-44ff-abd2-6ee73143cf9f', 12),
('14398386-65db-766d-c6ef-c9d5c2d91e91', 'dcd5247c-893c-491c-8f43-3d1767672250', 5),
('143d9bdd-2f55-2bf5-6a39-bf9bc2f12cf0', 'afcd25dd-c28b-40bb-911a-5d44f592eff4', 7),
('148bf03b-6be0-6d0d-5552-ee3684e78c27', '745c4247-b860-4541-be7e-09bc56054e7f', 12),
('14b95437-2102-534c-5e52-ee3684e78c27', '4a338579-16c1-4b06-8d4c-c93890d10f7d', 8),
('14cccc93-1fe0-421a-d035-f63bd3f197bd', '460f3ba3-4e73-48b7-a50b-1bed7ef3a77c', 12),
('14d23aa1-281a-1e23-6307-70859f4ff30d', '549b5687-55c5-48f2-9fc1-0df2a96258a2', 11),
('14e403e7-23ac-19a2-8441-16298a76bb64', '481cd274-e8eb-4fe7-b1b3-dcb89e12fe77', 6),
('14e7be9b-50c0-1d92-4207-70859f4ff30d', '476b2666-a568-4074-86ba-19e61be3ce68', 7),
('14fa6c89-1269-17a1-8fa4-4b24de418577', 'df9e4894-d52b-41ac-8f6c-735c898a7a19', 4),
('151aec7b-7e58-7762-89a4-4b24de418577', '6bc0ab25-52d3-4b6a-b061-96d9347083b7', 5),
('15621d26-3608-1350-66f6-9777a5de214b', '034f7f95-c2bd-4194-a5ae-68432d4257db', 2),
('156b29c1-5db9-3138-7852-ee3684e78c27', 'b006d19f-2789-48b5-9c63-aaabf3dd1182', 7),
('15cfe4d9-5133-5214-62ee-40eadd5993d6', '4c311f47-9622-4146-a02d-6f233caa5332', 6),
('15eff4b8-6a0b-79eb-56f6-9777a5de214b', '7394c2fc-969d-4c26-999f-5e8013d58840', 10),
('162993e4-2eb3-3beb-5a07-70859f4ff30d', '27bb4d0c-d298-4166-ab5b-38bca20ba806', 12),
('163eb7dc-59c4-5108-aca4-4b24de418577', '24f31fac-cd3e-457d-baa0-da06abcedd2c', 12),
('169c105d-1d6f-444e-b035-f63bd3f197bd', 'd5c33c1b-e8f4-42a8-a7b4-c6bfb6e94081', 12),
('16a21038-b5e3-417c-ba78-be88387bb812', '8cd0294e-449a-4e97-a1a3-f112018065ba', 2),
('174d4a58-4c2a-46cb-7bf6-9777a5de214b', 'd9af5e74-a953-42d9-8c2e-1be828c27863', 2),
('17535359-2877-26eb-b1ea-778aee59fea3', 'f6cdd4a3-2c40-4c9a-8d3f-901d096235dc', 12),
('177d9bd5-490c-3936-8239-bf9bc2f12cf0', '0e8196a2-8657-4af5-adc2-ac15d1d417fd', 2),
('17b5e880-52df-2b4c-67f6-9777a5de214b', '206348e7-efa4-4207-952f-bc06f9c7fd03', 7),
('181b5fc5-5193-428d-a9ef-c9d5c2d91e91', 'b1070aec-f862-4b30-ba37-63ce981df1da', 3),
('182482aa-520c-37e7-c335-f63bd3f197bd', '3c7eabc5-da06-4fb7-a0a1-72b9b2920295', 1),
('18629a00-1477-50e9-9aea-778aee59fea3', 'c74eea8c-66d5-4d67-958c-ececedd7718f', 12),
('18693fe1-79e9-494e-5807-70859f4ff30d', '5fa7c4b6-b9f2-4e90-a4e7-cd6b0abf9943', 9),
('189b7cd4-2dc3-2e39-4a07-70859f4ff30d', 'b2e8cd55-77de-4a53-a68c-6260ec0a5628', 6),
('191b53ff-4a53-52aa-6641-16298a76bb64', 'f182e72c-5836-4aa9-9f92-ad5a1872c76d', 12),
('192a2c4e-6883-2379-c635-f63bd3f197bd', 'fe9e7d7c-2c72-4d92-b7f7-516c89bb4524', 4),
('192d51c0-38b8-6e8e-8539-bf9bc2f12cf0', '712946c3-a455-42e2-abd4-a74abb19500f', 11),
('1936a5a2-1c48-2d39-4907-70859f4ff30d', '9ae25ca3-9025-4de4-9f25-48db3e4f3496', 8),
('194de169-2d2b-2c7a-7339-bf9bc2f12cf0', 'ff82ba39-fb91-4cb5-9be0-954c93c75bd0', 5),
('1958c87c-3da2-7004-8941-16298a76bb64', '60adc9c5-c238-44c1-8e96-5e12a98d75ab', 7),
('19d17dd0-11f1-5d79-afea-778aee59fea3', 'b9cd071e-0fb7-4c2b-a705-8ef085896138', 8),
('1a020571-14c3-6645-4b07-70859f4ff30d', 'a927ae81-91dc-4873-b0f9-489460115e40', 5),
('1a0c4533-3b42-28c5-8639-bf9bc2f12cf0', '1bbedb8f-2778-43b1-bb30-5965add4b8ab', 9),
('1a288e08-65e1-67fd-ada4-4b24de418577', '14066fba-01b5-4db6-9fd3-440426186f1c', 10),
('1a29883a-617d-6e80-7ca4-4b24de418577', 'f6cdd4a3-2c40-4c9a-8d3f-901d096235dc', 12),
('1a89037f-1806-6272-bc35-f63bd3f197bd', 'e1626851-9470-4ea5-9bcb-81df6eab4e23', 12),
('1ac08ef5-1a65-3cff-c735-f63bd3f197bd', '50f376a7-37cc-4e90-a9cd-233a26303e7f', 1),
('1b217d24-253c-197a-6007-70859f4ff30d', '4e07c9e8-5810-4503-92ac-3f37aeec7fde', 12),
('1b3b68a1-2b70-1351-8c41-16298a76bb64', '549b5687-55c5-48f2-9fc1-0df2a96258a2', 11),
('1b59f90d-1944-1898-4dee-40eadd5993d6', 'cd1c4c11-650a-4a6c-b02e-eebf70cef3b8', 4),
('1c5f72d8-29e7-64cb-3e07-70859f4ff30d', '8ffee253-e08c-4403-95e9-5cec7f2c729a', 5),
('1ceb2f2e-45ab-60ae-4807-70859f4ff30d', '7bb57d26-e2fa-41d6-9c37-ca0cb56dc702', 5),
('1d48f0b6-7684-29f4-4aee-40eadd5993d6', 'd576becc-de1a-4192-91f4-0908351ef395', 8),
('1d6575ab-33a3-4aa2-5ef6-9777a5de214b', 'b3aa30f4-f629-4642-bd6f-32ee6c13c114', 9),
('1d78141f-517f-24db-5407-70859f4ff30d', '150a37c3-ac19-491e-be9a-f76e2a4efe2f', 1),
('1d9995d0-5ade-393e-5b52-ee3684e78c27', '9da0813b-3986-4a54-9b04-81a09e1584a9', 12),
('1dcff779-6a7f-343f-7241-16298a76bb64', '82599864-66cb-4441-8e76-fc3e0fba3bb4', 12),
('1e35900e-3d57-3311-92a4-4b24de418577', '79662ea5-99fa-4ddd-8aea-3d2ed3f4218c', 5),
('1e492635-33e8-2fe1-7f39-bf9bc2f12cf0', '6fd935f7-0714-4acf-b376-07e01aeb8b31', 4),
('1f1fadfa-5366-57a9-8141-16298a76bb64', 'be65aa7e-d52d-43e4-8eaf-840262b819a6', 12),
('1f4ab673-2d22-37aa-6a52-ee3684e78c27', '4265a409-c0ab-4eb7-b8c5-9de1d8df0909', 3),
('1f65ce0b-4549-5fb9-a6ef-c9d5c2d91e91', 'fa74a192-4e14-442b-afbb-1128fdb40ac0', 10),
('1f741b60-26fb-32c1-95a4-4b24de418577', '55abbb1f-f6ab-4ae4-95ff-e43d68bb0c21', 5),
('1f95a05f-1135-2d50-aeef-c9d5c2d91e91', '9257218e-9e92-46aa-ac11-9622e859164e', 6),
('1fa5fe24-74ef-4964-4cee-40eadd5993d6', '66c95b4c-d78f-42af-bdf2-c76a8e509b47', 4),
('1fdd0d7c-2e32-7af5-5d07-70859f4ff30d', 'db34d7f4-642c-4484-8c69-358475865783', 12),
('1fe5b200-5976-1bb2-6652-ee3684e78c27', '680f009b-b611-42aa-95dc-bcd8977c0fbe', 9),
('2000637a-2a69-2e7e-a135-f63bd3f197bd', 'a3205764-70f0-44b4-bdd1-08103f590685', 4),
('201dc1fa-3b47-13b7-55f6-9777a5de214b', '2482aa4b-b047-4b52-a0b4-fbce0d65a1f1', 12),
('203f567f-7213-730b-a7a4-4b24de418577', '0dbb0b6e-20ac-4615-b8a1-63ccc1e07682', 8),
('209e2ead-6376-2411-a935-f63bd3f197bd', 'ce843063-899a-44f9-960c-77bb727e30fc', 7),
('20add60b-2635-61e5-99ea-778aee59fea3', 'ce843063-899a-44f9-960c-77bb727e30fc', 9),
('2150dd56-569b-56a4-6bf6-9777a5de214b', '901ffec5-9e1e-4d84-a353-2f64933b4fdd', 9),
('2166a509-12e3-1ba3-6e39-bf9bc2f12cf0', '2895ca33-6b93-4c07-a9aa-f8692c4f6990', 5),
('21743101-78ab-5909-a5a4-4b24de418577', 'fe9e7d7c-2c72-4d92-b7f7-516c89bb4524', 9),
('218e857d-1a74-63f4-8341-16298a76bb64', '2196d46f-6e12-454b-8832-dc461383e2e5', 2),
('21a1365a-561a-4893-a1ea-778aee59fea3', '1710d184-af11-4780-a35d-4eb8879bf898', 9),
('21f58a52-6e3c-520e-b535-f63bd3f197bd', '1e9d186b-f221-4da2-b9f4-b3ee2746c699', 9),
('22115ee3-51a7-27cf-5fee-40eadd5993d6', 'bc02094e-39c0-45b7-b116-3523880dfe5e', 12),
('222ae1bf-41d0-3e43-81a4-4b24de418577', 'ba6e8c9f-7f0f-4429-bffb-403dd00e1f2e', 11),
('22332ac0-5f2e-6fd0-8d41-16298a76bb64', '3c055b89-2a3f-47ce-bb6b-f77d75875e8c', 12),
('2244d751-576e-1d3e-abea-778aee59fea3', '90ac3763-28ed-4904-a0fd-e12178d7b7a6', 8),
('2275fe46-44db-3c1f-4d07-70859f4ff30d', '92233ea8-7fa5-4beb-8e4d-d571291ad698', 6),
('22995693-7652-2167-6439-bf9bc2f12cf0', '6f0aec14-05b3-4617-9673-600b4341a959', 4),
('22f599e2-6dc5-1458-b8ef-c9d5c2d91e91', 'b9b33f9c-dd5d-4b7a-a749-44bb4907004d', 8),
('23ea6272-7400-1195-be35-f63bd3f197bd', '2196d46f-6e12-454b-8832-dc461383e2e5', 10),
('23f7f6a6-389e-1eef-79f6-9777a5de214b', 'b9ff6708-25ec-4346-9d90-d31688631d06', 10),
('243e5810-5f27-3847-9ca4-4b24de418577', '2a2c0928-a5b4-4345-aff3-437e32f54a1a', 10),
('245c9269-59eb-28dc-7df6-9777a5de214b', 'abd40095-0bea-45a6-9cd2-35792c327bd3', 2),
('246dd7ac-5655-6a1b-62f6-9777a5de214b', '7080afd2-ef09-4d65-9862-a9d13aa703f8', 3),
('24e15cb4-32cf-340d-bbef-c9d5c2d91e91', 'e06718ed-6271-4114-aab1-d3f8aabc12d1', 10),
('2530b4ef-5b0f-77d5-c935-f63bd3f197bd', 'eb6ea533-6b8b-4772-900b-239d8a8dd1d1', 12),
('254f298f-7a3e-4be5-77ee-40eadd5993d6', '9ead3767-84a2-477f-9f0a-b07c97b36c74', 3),
('25d6f242-7783-37b3-a7ea-778aee59fea3', '2e47cf2f-0588-40ee-bb52-6f8b6043ecdd', 2),
('263a23d7-6f31-654b-c035-f63bd3f197bd', '7c99423d-cc90-4fdc-b5d6-262ec65c9781', 8),
('266d53fc-3e51-1bc1-a0ef-c9d5c2d91e91', '1710d184-af11-4780-a35d-4eb8879bf898', 5),
('268d875d-7242-2f2d-9041-16298a76bb64', '6a417e84-76b6-4a28-b306-014b400e35c7', 9),
('26a55284-6d0b-6b13-88a4-4b24de418577', 'bcd6ee56-156e-495b-864e-5e4fadc81ddf', 1),
('2746148a-1bd9-644d-84a4-4b24de418577', '692e62a3-44e5-4907-a0ec-16ce09db0b13', 4),
('27e9d6a7-11ad-3dc4-58f6-9777a5de214b', '549b5687-55c5-48f2-9fc1-0df2a96258a2', 2),
('27f91d6c-14b1-6c74-92ef-c9d5c2d91e91', '9d12728c-f32f-4e73-b538-dddd7b9ca322', 1),
('27fe6187-1fa8-5028-50ee-40eadd5993d6', '312dd935-b308-4661-8315-3ef0544e8caf', 11),
('287ecaf8-2e1f-789e-72f6-9777a5de214b', 'a8c0e98a-2c52-4e15-bc26-58373a82f67d', 1),
('28b1a496-46f5-3b69-4ff6-9777a5de214b', 'a1e8b125-3601-4e57-953e-ac7a51f53298', 6),
('28b1e6a8-1eac-3104-9cea-778aee59fea3', 'dc8cdb18-99f0-4df1-b6ee-d978ad9f9a56', 10),
('28e5fb2c-277e-7ba7-89ea-778aee59fea3', '9babedb6-030a-4957-a8c4-737cd9d3f47d', 12),
('2987aa52-3a9c-324d-97ea-778aee59fea3', '3aebd2b1-470c-47dd-b860-95129f46d88d', 1),
('299c94b0-1989-649e-7aee-40eadd5993d6', '29b0f108-116a-4004-a0ea-440b2132e696', 6),
('29c34680-7259-16a7-a4ef-c9d5c2d91e91', '844638c8-3385-4770-88e6-15229464eb27', 12),
('2a98e04f-1266-4746-bfef-c9d5c2d91e91', 'c320336e-0056-4012-8029-6000b50548f7', 1),
('2ab1f5b7-4c85-5ad4-71f6-9777a5de214b', '1862bf31-d29c-4d5d-bbfb-1aab783f4764', 4),
('2ad9c7a4-14f0-5ff3-97ef-c9d5c2d91e91', 'cc14eb96-2cd4-4315-a6bd-ea85130fbd5b', 10),
('2b0a23b4-7b6e-78d5-9441-16298a76bb64', '84204bb0-8962-4cc0-bfc3-8f7800d7441c', 1),
('2b39c2a6-5c06-23f5-a635-f63bd3f197bd', '2e47cf2f-0588-40ee-bb52-6f8b6043ecdd', 8),
('2b3fccea-6f3f-650d-6e41-16298a76bb64', 'e011d313-24f9-4c22-ab97-1b1cc1fd69fd', 8),
('2b8d5027-20cd-71fe-7139-bf9bc2f12cf0', '28c1d282-82b9-4aa8-ab38-8702acb8dc8d', 8),
('2bb84278-33cb-5311-8fea-778aee59fea3', '28c1d282-82b9-4aa8-ab38-8702acb8dc8d', 2),
('2bc4896a-15ed-5b0d-9da4-4b24de418577', '53491deb-f413-4295-835d-af1b56ce1f80', 7),
('2bd94fce-1384-38c5-6252-ee3684e78c27', '21fff4b5-04fb-46e1-913a-9a73f4fef793', 2),
('2c4b7ec7-3576-4c99-63f6-9777a5de214b', '56b797ec-9233-4df1-a5ac-08d4ecf59f1a', 3),
('2c4f9a02-6b9d-1c86-8f39-bf9bc2f12cf0', 'e69977a9-f7bf-46f1-83f7-b8cab1a62b1c', 6),
('2c6b4843-2794-4177-bb35-f63bd3f197bd', '312dd935-b308-4661-8315-3ef0544e8caf', 6),
('2cae53dc-6c39-2a1e-4df6-9777a5de214b', 'd05ca3a5-8ea0-4ecc-9ff3-5bb3620b6007', 6),
('2cd1c1f8-1dee-4a44-8c39-bf9bc2f12cf0', '56a109df-d93d-4dd6-a5a4-a48ea84a7776', 11),
('2d19cc8d-16d2-52d0-7641-16298a76bb64', '9a137a9b-a8f4-4b54-a2a4-f21a6205c2f2', 5),
('2d2622f5-4d90-250e-7152-ee3684e78c27', '36198982-fa03-4c0d-a6c4-1c2abd0f5c4b', 3),
('2d3cc91f-7faf-1dd8-8039-bf9bc2f12cf0', '43611542-49ec-4ce9-a2cc-96a7a50ed877', 4),
('2dc9580b-781e-1fb1-66ee-40eadd5993d6', 'f78e1726-b2fb-425a-8b8b-fad2dd743b03', 5),
('2dcfb4ae-4ae9-29e5-6cee-40eadd5993d6', '2b4020ce-6ee5-4110-87ca-f192650ae1f1', 2),
('2dd48ccd-6a85-5a04-7741-16298a76bb64', 'adde9b32-9776-42be-8b8c-aa04aef6e056', 9),
('2e42e66e-35c5-72a7-6f52-ee3684e78c27', '9d63d5b4-df17-43d2-a706-3a0593a66a1e', 6),
('2e9879f7-5920-4962-ae35-f63bd3f197bd', '37e1cfd4-d57c-4466-b89c-d891c441e2cc', 7),
('2ec7307e-491e-5265-b335-f63bd3f197bd', 'ad79faea-39f3-4db6-bc88-3f1cef75aeab', 3),
('2ed8f1ea-135e-64e0-3f07-70859f4ff30d', '1912d261-d218-4d1c-95ba-9b338c5a3459', 7),
('2f1fbf4e-3638-1679-9fef-c9d5c2d91e91', 'b27deb8c-e357-4de9-9c99-3ee135cff26a', 8),
('2f26fe39-4c98-690e-a235-f63bd3f197bd', 'd8219422-ee4f-4d50-93cd-695db63ecb05', 12),
('2f65e427-2af0-4a60-5207-70859f4ff30d', '0547b465-b4b0-4239-8e88-8b46f6c25a77', 1),
('2f7827d0-335f-2861-7652-ee3684e78c27', 'afdffcd2-98c1-49ea-901b-b020913978e4', 4),
('2f9c5862-2efd-73d6-69ee-40eadd5993d6', '7a117173-74cc-47c3-b3ac-10f3f688b6cc', 3),
('30007451-29ff-4fe4-3707-70859f4ff30d', 'f0352b88-ca94-41e0-95a1-b6b5fc0dc945', 11),
('303aa83e-1a31-594c-b6ef-c9d5c2d91e91', '481cd274-e8eb-4fe7-b1b3-dcb89e12fe77', 1),
('307c219d-17d9-2082-80a4-4b24de418577', '4b51c5bb-f92e-449c-9b79-826dcb519691', 12),
('308d22c1-4857-7b92-94a4-4b24de418577', 'dcd5247c-893c-491c-8f43-3d1767672250', 12),
('309d2263-2362-1f28-93ef-c9d5c2d91e91', '5f20601b-5521-4616-99a4-fef4e2002c64', 12),
('3157e114-4465-14a5-98a4-4b24de418577', '7a2c5b66-7163-4faa-994f-a52865013573', 3),
('315f1986-1562-1a80-8841-16298a76bb64', '1710d184-af11-4780-a35d-4eb8879bf898', 8),
('319418b2-4245-167f-b0ef-c9d5c2d91e91', '50f376a7-37cc-4e90-a9cd-233a26303e7f', 2),
('31cedede-6952-335d-cf35-f63bd3f197bd', '590137a3-e04f-4c51-8249-6073698147f5', 5),
('3208dbb0-6fab-12ab-b135-f63bd3f197bd', 'e3ff775e-600f-4c62-8ce1-de6f1d884758', 6),
('3239ef9b-7f26-69c8-7bee-40eadd5993d6', '570b1b8a-bf0d-49be-903c-6b8609deb1ed', 1),
('32852152-1190-65aa-7a39-bf9bc2f12cf0', 'a858a2a3-358f-4d82-a94d-9955aa036063', 3),
('32b1a332-5794-684e-8839-bf9bc2f12cf0', 'edcc6620-ebd2-4dc8-bde9-171025c564c0', 12),
('32bae290-39e3-7494-78f6-9777a5de214b', '312dd935-b308-4661-8315-3ef0544e8caf', 7),
('32c2928a-4785-7235-9eef-c9d5c2d91e91', 'b91f92f7-6143-46ac-91c9-3d2bb8d09ebd', 6),
('32e71d65-5e39-38fc-7e39-bf9bc2f12cf0', 'a3ef9c38-efff-4ac6-b0fa-731063b28ea4', 1),
('32faea28-6190-63e6-a535-f63bd3f197bd', '1c2bc7b8-decb-4589-9810-73582682ac1d', 4),
('3311e617-6065-5816-8241-16298a76bb64', '6ee265f8-b0ea-4c19-9b30-4930c501f3e1', 1),
('33626f00-4dfa-7001-4c07-70859f4ff30d', 'e011d313-24f9-4c22-ab97-1b1cc1fd69fd', 9),
('33d2e4ef-407c-37b0-74ee-40eadd5993d6', '56b797ec-9233-4df1-a5ac-08d4ecf59f1a', 8),
('34b5a6a4-184d-6a89-75f6-9777a5de214b', 'a1e8b125-3601-4e57-953e-ac7a51f53298', 5),
('34e2b4cc-3758-293d-7aa4-4b24de418577', 'da6128e0-229d-41bf-a840-1560c0122d97', 6),
('35303a45-12c4-73c3-5e07-70859f4ff30d', '3d444c23-f5bc-4ea0-82ff-4331e615fed6', 5),
('353c4a84-4edd-3210-7839-bf9bc2f12cf0', '77da07fd-aa0b-4eb4-bafc-f44213853b6f', 1),
('3547e02e-536d-1bc1-aaea-778aee59fea3', 'b60a2e0e-7992-443f-add8-984484b46f9f', 8),
('3576ae14-437c-7f89-8939-bf9bc2f12cf0', '65c2fabc-bd65-419c-a875-e781f67b538a', 10),
('3593c85c-1295-3c2b-7b41-16298a76bb64', 'c14af6d3-53c8-4de8-a496-42ddf47f110d', 12),
('363b446f-5e7a-60b0-7539-bf9bc2f12cf0', '5fd0c428-c2c9-47ca-ac1c-1b8d7bb68bad', 10),
('366e1ce9-5d37-5aad-5152-ee3684e78c27', 'f003a849-b3a4-44ab-ad8b-9eee558e31b8', 3),
('369de3ba-7fd7-15b4-cb35-f63bd3f197bd', '36198982-fa03-4c0d-a6c4-1c2abd0f5c4b', 11),
('36d06ca5-47b1-2a5c-5ff6-9777a5de214b', '53beaa80-cc95-43e0-bb16-e30de28ec55f', 11),
('371a21bb-66c7-6a4b-64f6-9777a5de214b', 'c861a3bf-8f06-41b3-934f-d1da231ee4a9', 10),
('373b2a1a-522f-2ef2-acea-778aee59fea3', '4fb18737-946c-497b-90b8-0583f1be3d14', 10),
('3756a338-b830-43f4-87e7-e2c60d9253be', 'dae9eafa-cdbc-4cb2-84ad-ba7e365c81de', 10),
('37598c39-692f-77b4-acef-c9d5c2d91e91', 'b69771cc-6c8d-4c23-bc6d-e54bec20be1a', 3),
('37607dd2-5df3-5b31-bf35-f63bd3f197bd', 'faebc1c8-3e87-4afe-bf3e-d844fc443ce7', 5),
('383e2832-5505-5c5f-a8ef-c9d5c2d91e91', '9da0813b-3986-4a54-9b04-81a09e1584a9', 3),
('38b35a9b-6a98-5e8d-8e39-bf9bc2f12cf0', '1d4c3e7e-08c7-4d58-86ec-2b71edd66fd0', 11),
('38f58dd0-2852-3450-6852-ee3684e78c27', '549b5687-55c5-48f2-9fc1-0df2a96258a2', 8),
('390102dc-34af-4006-97a4-4b24de418577', '37bc09bd-3e1a-4a13-8fb1-3a97332ba0ba', 4),
('392c2923-1518-3f24-8b41-16298a76bb64', '9e5b9db1-f11b-492c-a106-892133cd502f', 6),
('3933a683-75af-4dbe-86a4-4b24de418577', '0f731f03-7125-43f4-bc7e-ca7a0a61b65d', 11),
('396b685d-50ce-2efb-82a4-4b24de418577', '6a417e84-76b6-4a28-b306-014b400e35c7', 9),
('3970738e-23dc-3478-baea-778aee59fea3', '712946c3-a455-42e2-abd4-a74abb19500f', 12),
('398479fb-3b22-6696-5d52-ee3684e78c27', 'fedfab3e-07fe-4aa8-835b-2c6837054805', 11),
('398a3f9b-4b3b-27cb-95ef-c9d5c2d91e91', 'a858a2a3-358f-4d82-a94d-9955aa036063', 8),
('398c5164-6334-6857-78ee-40eadd5993d6', '680f009b-b611-42aa-95dc-bcd8977c0fbe', 10),
('3ae57783-2ab9-566d-5307-70859f4ff30d', 'e7f89f8e-b28f-45fc-85d6-9b4bcfbc1665', 9),
('3b6a3ac7-7e96-569a-6752-ee3684e78c27', 'fd8de392-4b2a-4b0d-8b19-0e9ea018657f', 11),
('3b6bad73-3296-2e17-6839-bf9bc2f12cf0', 'cfb0afb4-d7a6-4d19-9f3b-74d3d99776ff', 1),
('3bb74117-3bcd-12d3-b235-f63bd3f197bd', 'a8e398e0-36bb-44d0-b1cd-b6e2e6108181', 9),
('3bbd4be3-2b5e-4f5f-d335-f63bd3f197bd', '7ad7c95c-fa97-44bd-9221-92f0026fffd6', 10),
('3c0ada46-731e-5ecf-98ef-c9d5c2d91e91', '196a55d0-77f8-48cb-a5cd-669d92dd5921', 6),
('3c7321aa-2568-58df-ca35-f63bd3f197bd', '94215650-69a7-4b18-bae1-225ebc0d9c91', 11),
('3c9b3143-1881-4ece-5852-ee3684e78c27', '9babedb6-030a-4957-a8c4-737cd9d3f47d', 8),
('3d07af6a-1a69-3f26-51f6-9777a5de214b', 'aba8cd55-1686-41b2-93da-547356515023', 4),
('3d1cbe17-1b4a-61de-4307-70859f4ff30d', '389331db-ad2d-45bb-ba50-6ea31b7970d1', 2),
('3d205af1-2668-4d55-9039-bf9bc2f12cf0', 'a4e1f4fa-923b-4120-bed4-df89fff4e6ec', 11),
('3daef3bf-1ba8-7b7b-71ee-40eadd5993d6', '7c81a15d-e7d8-40ff-8aff-c0271294aa77', 10),
('3db54477-7ccc-7a85-9def-c9d5c2d91e91', '5f20601b-5521-4616-99a4-fef4e2002c64', 3),
('3e261cea-671b-5a01-5cf6-9777a5de214b', '41ebbb4b-c4d5-44f7-8b1f-e069f7eda738', 6),
('3e39129b-279f-623f-88ea-778aee59fea3', 'd5c33c1b-e8f4-42a8-a7b4-c6bfb6e94081', 1),
('3e3bcdfa-50fd-2b4d-6dee-40eadd5993d6', 'fd8de392-4b2a-4b0d-8b19-0e9ea018657f', 11),
('3e4017f0-70a9-78ad-c835-f63bd3f197bd', '45a31726-8f5c-419a-be05-bb260164fa93', 1),
('3e7e1ab5-7ccb-32bb-c435-f63bd3f197bd', '264b5735-76ab-4f29-b0c0-4a8a9168de7d', 7),
('3eae24e1-6e8f-3125-c235-f63bd3f197bd', '8ffee253-e08c-4403-95e9-5cec7f2c729a', 1),
('3ec7bcbb-657f-61c5-8339-bf9bc2f12cf0', '2895ca33-6b93-4c07-a9aa-f8692c4f6990', 3),
('3ecf0d25-3b56-61eb-91a4-4b24de418577', '9ee93aef-7ad4-46ef-a4b5-32da2d254fc7', 10),
('3efbb52a-6620-382f-54f6-9777a5de214b', '33bf1fa0-e686-4452-9fbc-075d1386f5f0', 10),
('3f016993-3e56-4a3b-60f6-9777a5de214b', '6d20552b-3109-46a5-b7c7-b2c1eb75f9ff', 7),
('3f166c1a-4c76-443b-8739-bf9bc2f12cf0', '3fdcc97b-9cf0-42ba-937d-ea072790ec9d', 1),
('3f50ac00-2e68-409c-9b8b-7b98e6e40f52', 'dae9eafa-cdbc-4cb2-84ad-ba7e365c81de', 5),
('3f59d455-425e-573a-af35-f63bd3f197bd', 'e011d313-24f9-4c22-ab97-1b1cc1fd69fd', 6),
('402f5b4c-33ce-52ea-c3ef-c9d5c2d91e91', '7c09b4f3-90bc-45db-a0ed-c27f815e1e55', 5),
('4030ed42-3334-2696-5aee-40eadd5993d6', 'a8e398e0-36bb-44d0-b1cd-b6e2e6108181', 4),
('40942482-75ea-2b24-aaa4-4b24de418577', '979d19fb-edb4-4e7c-82e7-8585a1c3c3d0', 7),
('40d1c4e4-5824-18f7-6552-ee3684e78c27', '389cdef9-993c-4683-912f-ad4ab8267c24', 10),
('414ab2b0-11e6-14c2-67ee-40eadd5993d6', '4a338579-16c1-4b06-8d4c-c93890d10f7d', 3),
('41a80b89-155e-5ccb-7341-16298a76bb64', '92233ea8-7fa5-4beb-8e4d-d571291ad698', 2),
('41ed6e00-52e4-3d8e-a5ef-c9d5c2d91e91', 'b532d431-ab4b-4cd8-a35e-3be91db6e7fd', 4),
('4202f399-1874-733e-64ee-40eadd5993d6', '5769ef1d-7a37-48fb-a0bb-e25afb27fb05', 9),
('4206a090-4ca9-724f-a1a4-4b24de418577', '3aacdd07-2635-4a52-8934-27b3c15ab976', 10),
('4291b051-6cf5-35fb-76ee-40eadd5993d6', '6fdf5b2d-59a0-42fb-adad-b0cbe7b7cd1e', 2),
('429ce6a6-62b9-6ad6-8aea-778aee59fea3', 'cca4c02f-fc6b-4cdc-8d20-fe90f4a643de', 3),
('42bae035-4ee1-6a4b-75ee-40eadd5993d6', '3b1d0cfd-8d13-4b1a-9413-c5ca106357b0', 2),
('42e8a1e0-70da-14a6-6139-bf9bc2f12cf0', '36b3e4e0-e06c-4574-9c2e-f6c0b61ce118', 7),
('43125caf-7888-1fe9-6107-70859f4ff30d', '570b1b8a-bf0d-49be-903c-6b8609deb1ed', 12),
('43185947-2600-27bd-4707-70859f4ff30d', '0b299d55-1dde-4b37-a315-83889dc1a25c', 11),
('43237e77-4d66-1f43-8cea-778aee59fea3', '979d19fb-edb4-4e7c-82e7-8585a1c3c3d0', 8),
('433959dc-7cd1-6a89-6df6-9777a5de214b', '4265a409-c0ab-4eb7-b8c5-9de1d8df0909', 1),
('435f1702-4553-1c6f-74f6-9777a5de214b', '43a6fc26-85d3-4072-b15a-9fd4d96dfb95', 8),
('4360f4d8-4f5d-49bf-99a4-4b24de418577', '389cdef9-993c-4683-912f-ad4ab8267c24', 10),
('43a9a081-5293-549a-92ea-778aee59fea3', 'b5343487-d3a4-4d2f-8b30-ea5f96d589b1', 9),
('4401c2b5-62d0-1cd1-6af6-9777a5de214b', '6fdf33de-d203-4d5d-afdf-b5fd22a3811c', 2),
('4476d37b-63cf-3789-9fea-778aee59fea3', '6a417e84-76b6-4a28-b306-014b400e35c7', 6),
('4479dd26-5fca-7657-69f6-9777a5de214b', '1e9d186b-f221-4da2-b9f4-b3ee2746c699', 1),
('45022ef9-361b-16a6-8b39-bf9bc2f12cf0', '9d63d5b4-df17-43d2-a706-3a0593a66a1e', 10),
('455453aa-607f-594b-b435-f63bd3f197bd', '34744eeb-4a2a-4585-822d-a172f0b8c569', 12),
('4556d15e-5be3-2b7a-a2ef-c9d5c2d91e91', '25fbbb61-f3a3-4248-9af1-4bd463ac31dc', 5),
('457cc84f-45c1-2619-9cef-c9d5c2d91e91', 'd937f671-8bd8-49d6-b1bd-5c1f9903c35d', 1),
('458530c9-3a93-4255-53ee-40eadd5993d6', 'af8694da-621a-44ff-abd2-6ee73143cf9f', 5),
('4597b763-6c7c-54f2-52f6-9777a5de214b', '26de7ea4-6ac4-40b5-ad3c-cf44ddf4bb11', 11),
('459a7754-21a6-3aa1-4e07-70859f4ff30d', '58bb12dc-59e0-4721-b0b9-54029ef46656', 9),
('459ee8e5-617d-381e-9641-16298a76bb64', 'b9b33f9c-dd5d-4b7a-a749-44bb4907004d', 9),
('45bf5354-16e2-3601-6339-bf9bc2f12cf0', '5598f64b-5d44-4552-8687-b052ce1d7914', 2),
('45d1836b-7605-2fda-8f41-16298a76bb64', '5d1cc38a-edcb-4494-92db-67bce905a29e', 4),
('46159ed7-3278-6802-6ff6-9777a5de214b', '66dbab87-ee95-4a20-bb67-6a0d0a5d9f18', 1),
('46636a6b-5365-35d7-beef-c9d5c2d91e91', '66ae133d-cc69-4d35-ad38-a5957cb32f3f', 5),
('46fa175f-5fa8-7749-a335-f63bd3f197bd', '7bb45dff-4eb1-487f-8bd4-fdc284b3519b', 6),
('46ff8229-3113-456d-9ea4-4b24de418577', 'df9e4894-d52b-41ac-8f6c-735c898a7a19', 9),
('471b1cba-3520-42cc-5252-ee3684e78c27', '9ddbae61-3eae-4497-9f99-e99b0006079c', 3),
('471f9d93-44bc-6947-5bf6-9777a5de214b', '15dff7e6-25e0-43c7-8b43-5ba5df5ddd6f', 4),
('473b2454-579c-3cdd-3d07-70859f4ff30d', '12013a98-3dcf-4e72-a5d6-4e4fa82e7f33', 4),
('47894a73-1415-6141-85a4-4b24de418577', '65c2fabc-bd65-419c-a875-e781f67b538a', 12),
('47d408a9-43e0-7530-ba35-f63bd3f197bd', '0804c1e0-f3e3-4a97-b3c5-a8943c28db6c', 9),
('48810842-12b8-29d7-b5ea-778aee59fea3', '58ca4e52-581a-4101-8823-ffcb9d9c4101', 10),
('4887dc42-6f55-25b6-5eee-40eadd5993d6', '9aca46e6-781b-4a9a-996b-d51a701e51ec', 3),
('48fbe85d-4c8e-1365-6b41-16298a76bb64', '2b4020ce-6ee5-4110-87ca-f192650ae1f1', 3),
('49d44a5d-27a2-57f1-7252-ee3684e78c27', '7ba7210d-f12c-4398-87bb-56da99fc4da2', 9),
('4a075202-23dd-7acf-7041-16298a76bb64', 'fedfab3e-07fe-4aa8-835b-2c6837054805', 12),
('4a2202c0-2583-3bda-7239-bf9bc2f12cf0', 'be65aa7e-d52d-43e4-8eaf-840262b819a6', 4),
('4a7075b8-4b68-3a59-5007-70859f4ff30d', '6a417e84-76b6-4a28-b306-014b400e35c7', 6),
('4a9daee0-3967-3afd-b8ea-778aee59fea3', 'af9b6c84-4778-434e-843c-298a1a2970d8', 1),
('4b13cef7-4c18-3e0a-5907-70859f4ff30d', '2936566a-2507-423d-ab4a-855b2dc308fa', 6),
('4b601f25-521d-2c02-ab35-f63bd3f197bd', 'f2b7a494-4d41-4144-b482-04edd16094d0', 8),
('4b897794-1dee-6731-a9ea-778aee59fea3', '5253cc74-ffeb-452a-9494-a96fe46fdee3', 11),
('4badb328-274c-3353-a4a4-4b24de418577', 'f418a58b-257e-4f96-9e72-2ddc61cd44c4', 5),
('4bb37784-30ef-7404-a5ea-778aee59fea3', '8fd383aa-0c75-4fed-8968-225ce86ea5c1', 6),
('4c6ece0b-56ad-51b0-5452-ee3684e78c27', '23c9e1ac-496f-40b3-9f86-1d7f792f78f7', 7),
('4c7eab88-5994-5915-4fee-40eadd5993d6', '4fd57628-8d81-4af8-b5a9-a3794e51cb7d', 12),
('4cb9a854-3c3c-142a-8dea-778aee59fea3', '9e5b9db1-f11b-492c-a106-892133cd502f', 7),
('4cf1d20e-5206-23fb-7752-ee3684e78c27', 'd9f64973-d216-4741-820a-ba5048e4cbb3', 10),
('4d2ca340-1180-4e98-8ba4-4b24de418577', 'fe9e7d7c-2c72-4d92-b7f7-516c89bb4524', 10),
('4d2d171d-492d-5c7c-b4ea-778aee59fea3', '66c95b4c-d78f-42af-bdf2-c76a8e509b47', 8),
('4d4d87aa-2857-7cc1-4607-70859f4ff30d', 'af9b6c84-4778-434e-843c-298a1a2970d8', 12),
('4d8e2f52-3d24-5f88-a1ef-c9d5c2d91e91', '94881052-aa97-4db0-9054-bb822f07b47a', 5),
('4d907476-5630-331d-8a39-bf9bc2f12cf0', '3c055b89-2a3f-47ce-bb6b-f77d75875e8c', 2),
('4d97fe64-5e23-2cf7-7439-bf9bc2f12cf0', 'e06718ed-6271-4114-aab1-d3f8aabc12d1', 7),
('4dc77295-4ab2-5a81-9341-16298a76bb64', '590137a3-e04f-4c51-8249-6073698147f5', 4),
('4e057c6a-4170-72c4-9141-16298a76bb64', 'a27005c6-7085-4548-b982-ced35fab4dc5', 12),
('4e6f1ed9-71b0-7c90-7141-16298a76bb64', 'a3ef9c38-efff-4ac6-b0fa-731063b28ea4', 5),
('4ef95538-2770-7582-afef-c9d5c2d91e91', '21fff4b5-04fb-46e1-913a-9a73f4fef793', 4),
('4f02c318-284c-6cba-6352-ee3684e78c27', '94215650-69a7-4b18-bae1-225ebc0d9c91', 5),
('4f1ef84c-41b3-5eda-65ee-40eadd5993d6', 'd29fa233-2664-4e8f-b27b-c541c934cba8', 5),
('4f710f90-61d7-176c-a2ea-778aee59fea3', '18b23f31-a7e5-4f3e-a2d0-89f8c1aa9b5e', 3),
('4f99fab7-2ad0-6a03-98ea-778aee59fea3', '9e3102e3-0e42-405e-9a16-0bc1424a1ff6', 11),
('4fe4f672-467a-739e-c135-f63bd3f197bd', '36198982-fa03-4c0d-a6c4-1c2abd0f5c4b', 10),
('50437c1e-33cd-52be-6a41-16298a76bb64', '2a2c0928-a5b4-4345-aff3-437e32f54a1a', 3),
('50ad00f9-2007-7f2e-b935-f63bd3f197bd', 'bea07e49-dc9c-4cdc-9894-7fa3db6e037d', 1),
('50b6cbae-2288-3b4a-9aef-c9d5c2d91e91', '9a137a9b-a8f4-4b54-a2a4-f21a6205c2f2', 2),
('50d84708-776a-5039-6fee-40eadd5993d6', '15dff7e6-25e0-43c7-8b43-5ba5df5ddd6f', 11),
('50f361d4-2dd2-5245-a2a4-4b24de418577', '389331db-ad2d-45bb-ba50-6ea31b7970d1', 5),
('51113397-7e2f-490e-83a4-4b24de418577', '9e82c3d8-fd41-4104-9916-f342fef0d80d', 10),
('5149252a-43a4-6ece-5607-70859f4ff30d', 'cca4c02f-fc6b-4cdc-8d20-fe90f4a643de', 9),
('5167ef2d-6627-5fc1-5c52-ee3684e78c27', '9808c3c5-ba9c-4f16-81fc-3f92bd9df1c5', 2),
('518c2efc-3b14-196f-b1ef-c9d5c2d91e91', '1e9d186b-f221-4da2-b9f4-b3ee2746c699', 8),
('51987c5e-473a-1888-6c39-bf9bc2f12cf0', '79d46e39-47b7-4868-b8b0-9b6352396ef4', 4),
('51a03f93-7627-7425-5df6-9777a5de214b', 'a9dcbd7d-cfc5-4faa-a9e1-d0ca02da4254', 8),
('51b6f7f2-2494-7c15-3c07-70859f4ff30d', 'd1bc0dd7-13b5-4dc9-af90-9f37d55929ff', 7),
('52064b5c-3b75-1b21-b835-f63bd3f197bd', '0d460773-4b2a-490e-869d-6da61594e29a', 5),
('520799ae-237a-4652-70f6-9777a5de214b', '58bb12dc-59e0-4721-b0b9-54029ef46656', 5),
('52538abf-7ce7-42f6-6841-16298a76bb64', '89786d60-dbfa-4e79-8b56-9ec35a7551d4', 8),
('52872b8e-2f7a-327e-b2ea-778aee59fea3', '82f5cc92-e93c-4dce-b8a4-0841bd37d5bf', 5),
('5295b881-4bbc-49ec-b5ef-c9d5c2d91e91', 'd940555d-5315-451f-bbce-282dd53d1254', 11),
('529ef8c0-4625-74c5-7ba4-4b24de418577', 'abc45c42-9989-4ecf-85eb-59dc6f9f5927', 2),
('5307d966-717e-3c0c-7452-ee3684e78c27', '05b5ccfd-d41d-40ec-9434-428afd358bbf', 8),
('5366e0e7-43d7-66ed-6239-bf9bc2f12cf0', '277b438f-8927-4c79-b558-f09f985ec731', 5),
('536bd0dc-7281-373f-68f6-9777a5de214b', 'a9dcbd7d-cfc5-4faa-a9e1-d0ca02da4254', 1),
('5376ab24-50d1-60d8-a8ea-778aee59fea3', 'f16d3c6a-4fad-49d5-bff5-1da0cc07fbd3', 11),
('53ed47ec-2c71-51b9-7939-bf9bc2f12cf0', '814c079e-32bb-4886-928b-3438a283a86a', 4),
('543b5e2f-34dc-1c10-4007-70859f4ff30d', '5edf6bdb-2575-45d7-93ed-4c970bdf08b4', 8),
('5443b8cb-1633-342b-cd35-f63bd3f197bd', '6f0d1da9-fc45-4d45-a33b-d7b5e5043e52', 6),
('54bf1ad3-51c9-6f6a-a6a4-4b24de418577', '6fbfc375-16bb-400f-ba15-98b5bb20c8e6', 4),
('54cf495b-45da-26c9-6d39-bf9bc2f12cf0', '9e5b9db1-f11b-492c-a106-892133cd502f', 8),
('54f56f31-3c4e-238d-8139-bf9bc2f12cf0', 'da6128e0-229d-41bf-a840-1560c0122d97', 1),
('5537bec8-4567-7159-8aa4-4b24de418577', '21fff4b5-04fb-46e1-913a-9a73f4fef793', 5),
('55fdbe99-43a7-32b1-70ee-40eadd5993d6', '4f6812de-8ccb-4375-90f4-e1292d4359f2', 5),
('560526eb-3471-5d29-ce35-f63bd3f197bd', 'fe9e7d7c-2c72-4d92-b7f7-516c89bb4524', 5),
('5655ee63-54a0-7db0-bdef-c9d5c2d91e91', 'fedfab3e-07fe-4aa8-835b-2c6837054805', 4),
('568d71b9-4a18-604a-a6ea-778aee59fea3', '312dd935-b308-4661-8315-3ef0544e8caf', 4),
('569dda4f-1902-677d-96a4-4b24de418577', '9d12728c-f32f-4e73-b538-dddd7b9ca322', 9),
('578f2dbf-454d-14d6-59f6-9777a5de214b', '076b5dad-07ae-46e7-b9f4-e61a7f396639', 3),
('57c4d997-7a97-5cf3-94ef-c9d5c2d91e91', '94881052-aa97-4db0-9054-bb822f07b47a', 5),
('57c8445b-1efd-7040-6941-16298a76bb64', 'ab576327-5171-4cec-9918-3d5618e7de46', 1),
('57d515bd-3e29-5fc0-73f6-9777a5de214b', '90ac3763-28ed-4904-a0fd-e12178d7b7a6', 4),
('57ffcb7d-5e42-5773-b0ea-778aee59fea3', 'a9730385-fd9f-46e7-bfc1-d0329d102f7e', 9),
('580aecdb-127b-39e1-6741-16298a76bb64', '234b6a64-e7b7-4e60-ab8e-7d0c273ea01b', 4),
('585722af-4796-7d8f-55ee-40eadd5993d6', 'de744e7e-56b3-4713-bdbf-972df265df93', 1),
('58717a81-1e9c-17c1-7e41-16298a76bb64', '74399024-b0d5-443f-80a8-6e37bc9cd29a', 12),
('59790eb2-78b7-5898-4407-70859f4ff30d', '33bf1fa0-e686-4452-9fbc-075d1386f5f0', 8),
('597abc76-72a0-5ea6-90a4-4b24de418577', '37bc09bd-3e1a-4a13-8fb1-3a97332ba0ba', 8),
('597cd578-251a-7492-4f07-70859f4ff30d', 'd0f57f71-0e2a-46ea-a8be-9381e83ad41a', 4),
('59809a5f-7edc-2c4f-6bee-40eadd5993d6', '7e21288d-ebe6-43e0-a7ab-2f32b17f0a5e', 3),
('59d46cce-14b5-26b2-7ef6-9777a5de214b', 'c861a3bf-8f06-41b3-934f-d1da231ee4a9', 6),
('59deeb64-4299-286e-8bea-778aee59fea3', '37e1cfd4-d57c-4466-b89c-d891c441e2cc', 4),
('5a0c3b26-211d-2ebd-7841-16298a76bb64', '58ca4e52-581a-4101-8823-ffcb9d9c4101', 8),
('5ab22b58-1c6a-25c0-6939-bf9bc2f12cf0', '3aacdd07-2635-4a52-8934-27b3c15ab976', 10),
('5b73a539-13b8-34a5-8439-bf9bc2f12cf0', '506b4cac-5897-4316-9b55-a95687c0cea8', 3),
('5bb512fb-6e70-55ba-7a52-ee3684e78c27', '28c1d282-82b9-4aa8-ab38-8702acb8dc8d', 11),
('5bd6bc74-284d-2347-b635-f63bd3f197bd', '48426777-4b42-4fe6-9d88-7787d5818d3b', 9),
('5c0fee8e-37e0-306a-93a4-4b24de418577', 'ad5ee32d-1058-4112-9911-5b2eeadfc5d8', 9),
('5c6d36d4-5cdc-32f8-5cee-40eadd5993d6', 'b3aa30f4-f629-4642-bd6f-32ee6c13c114', 11),
('5c7a989a-4744-2cdd-56ee-40eadd5993d6', '3b1d0cfd-8d13-4b1a-9413-c5ca106357b0', 11),
('5c8aae2d-4668-5d6e-9bef-c9d5c2d91e91', 'ba0e578a-2bc4-4c8d-ac4e-347754c78856', 11),
('5c987ea5-6255-29be-49ee-40eadd5993d6', 'bea07e49-dc9c-4cdc-9894-7fa3db6e037d', 12),
('5cca75e4-6c12-167a-b6ea-778aee59fea3', '460f3ba3-4e73-48b7-a50b-1bed7ef3a77c', 7),
('5ce8858e-3428-2293-4eee-40eadd5993d6', '49f0749f-da95-49f6-9976-31a180200939', 8),
('5d571807-5b04-119e-3807-70859f4ff30d', '150a37c3-ac19-491e-be9a-f76e2a4efe2f', 2),
('5d85552f-333e-672a-7952-ee3684e78c27', '7c09b4f3-90bc-45db-a0ed-c27f815e1e55', 9),
('5decbf10-494b-4999-a0a4-4b24de418577', 'a31c12bf-006c-4290-a590-a0690d7d833b', 9),
('5df1b143-43e8-5fd9-8e41-16298a76bb64', '426f5832-3b10-434c-8b5e-ac137f06eece', 12),
('5e1b3269-7437-696e-bd35-f63bd3f197bd', '0c50e534-36fd-4c7a-9b9e-87781830de4e', 4),
('5e4914b1-7abb-6d37-8eea-778aee59fea3', '24f31fac-cd3e-457d-baa0-da06abcedd2c', 8),
('5e50d4aa-2a3b-5e9d-5b07-70859f4ff30d', '814c52a1-4855-4e31-af20-7375a9ff6273', 11),
('5e552cd5-7baa-2a27-7052-ee3684e78c27', '4efbe223-a970-4d2d-982a-f818093382f4', 6),
('5e89ca56-391a-4643-b3ea-778aee59fea3', '13661560-e635-4db1-afd5-80cf1bb62c93', 11),
('5e9ee3a5-4310-2eee-5107-70859f4ff30d', '7c99423d-cc90-4fdc-b5d6-262ec65c9781', 10),
('5f06cfa4-38c8-6787-9ba4-4b24de418577', '19baae95-e3b3-4bc4-9ca8-d9d486358723', 11),
('5f479ceb-4513-63c8-4507-70859f4ff30d', 'ad14f2ac-45f4-4e11-a183-2e79e6ae10d0', 6),
('600db82d-708c-7d85-a9a4-4b24de418577', '48426777-4b42-4fe6-9d88-7787d5818d3b', 5),
('602892a7-6410-5ba3-52ee-40eadd5993d6', 'e1626851-9470-4ea5-9bcb-81df6eab4e23', 8),
('60393b6e-694e-31da-7739-bf9bc2f12cf0', 'd21cc908-6b45-4738-b869-f73ecea36e3d', 7),
('607087be-4ef8-1376-cc35-f63bd3f197bd', 'b60a2e0e-7992-443f-add8-984484b46f9f', 8),
('60a9919e-2044-321b-ac35-f63bd3f197bd', '42108f6d-fad2-4da2-881c-c826a2c89d30', 6),
('60ce6aab-298b-344f-7552-ee3684e78c27', '42495461-6bd0-4a5a-bcba-7a70749480ef', 8),
('610e08c4-5baf-708b-5f39-bf9bc2f12cf0', '2e5a8899-f88c-4692-a42d-1dfb38feb382', 9),
('61529d3a-416b-23ee-6539-bf9bc2f12cf0', 'f003a849-b3a4-44ab-ad8b-9eee558e31b8', 1),
('6154f34f-4bec-24b9-6207-70859f4ff30d', 'ec2618ed-9639-48ca-a097-5b32e62862d3', 2),
('615bb1eb-1ffc-285f-54ee-40eadd5993d6', '43611542-49ec-4ce9-a2cc-96a7a50ed877', 5),
('6180e992-3227-5c43-a835-f63bd3f197bd', '4265a409-c0ab-4eb7-b8c5-9de1d8df0909', 7),
('61cd7d97-3fdd-210b-7039-bf9bc2f12cf0', 'da6128e0-229d-41bf-a840-1560c0122d97', 3),
('62004b28-6df1-7de8-b4ef-c9d5c2d91e91', 'cfb0afb4-d7a6-4d19-9f3b-74d3d99776ff', 6),
('62473ff8-5441-306f-6c52-ee3684e78c27', '7c09b4f3-90bc-45db-a0ed-c27f815e1e55', 8),
('6265df4c-312e-2b84-9dea-778aee59fea3', 'e7f89f8e-b28f-45fc-85d6-9b4bcfbc1665', 4),
('62a86325-622e-5950-5dee-40eadd5993d6', '18b23f31-a7e5-4f3e-a2d0-89f8c1aa9b5e', 6),
('62d2cb0f-1b9c-1616-5f52-ee3684e78c27', '74399024-b0d5-443f-80a8-6e37bc9cd29a', 11),
('62e01492-311e-68c8-8541-16298a76bb64', '7fab4559-f6cb-4d8f-9cbb-7b2020a9b672', 1),
('62e52909-4e63-7598-90ea-778aee59fea3', 'a8de21c4-0f41-4aed-a669-9a625689f0cd', 5),
('62e99e8b-1435-619a-6e52-ee3684e78c27', '7ceb9ee3-3599-4501-a839-02c49b8d2415', 3),
('639cc23e-473e-43a6-a735-f63bd3f197bd', '2bea2b3d-230b-4f3c-89a9-ab44525c5540', 10),
('63d53bd5-1ce8-7a09-57f6-9777a5de214b', 'be56cb20-80d6-47a7-9625-41676e82c2dc', 11),
('640e192b-2366-2903-87a4-4b24de418577', '892899a4-3709-452a-86fe-5a6e2b677720', 8),
('640e7707-6069-7bed-baef-c9d5c2d91e91', '33dcfaa3-dad0-42a0-a846-0d910c01c8ef', 8),
('645ac279-1da1-6004-c4ef-c9d5c2d91e91', 'be65aa7e-d52d-43e4-8eaf-840262b819a6', 6),
('648bdb0c-493b-48dc-bbea-778aee59fea3', 'c6c74171-c99f-4660-89ee-b79e7e0e0ad2', 1),
('648c13ff-44a2-554e-8a41-16298a76bb64', 'ba0e578a-2bc4-4c8d-ac4e-347754c78856', 10),
('6528b15d-6674-724f-79a4-4b24de418577', '15dff7e6-25e0-43c7-8b43-5ba5df5ddd6f', 7),
('652eb931-75d6-5411-a435-f63bd3f197bd', 'abeec9bd-9511-4d74-81ae-9450397b7e2e', 10),
('65b700d7-1a87-7576-3b07-70859f4ff30d', '9ddbae61-3eae-4497-9f99-e99b0006079c', 3),
('6604cf28-7859-3bc0-6739-bf9bc2f12cf0', '490f7302-1de9-4fc5-bbf5-efb5ac38a747', 6),
('661c0609-7dc5-7e3e-58ee-40eadd5993d6', '97661597-67fc-4fa8-9195-c45aa9a5b8b9', 3),
('66bb0079-1bce-691c-c535-f63bd3f197bd', 'ab3da4cb-d228-429f-be3d-be0e4483d26a', 11),
('66e05acb-6ec3-7258-a4ea-778aee59fea3', '53491deb-f413-4295-835d-af1b56ce1f80', 6),
('66ea35d7-6f9e-53fc-61ee-40eadd5993d6', '4f6812de-8ccb-4375-90f4-e1292d4359f2', 5),
('66f99c09-128f-53ca-7cf6-9777a5de214b', 'b2e8cd55-77de-4a53-a68c-6260ec0a5628', 1),
('67ac0252-58aa-72c8-4ef6-9777a5de214b', '94a993f5-ee97-4c2b-8533-1b57aef63a51', 1),
('67cb66cb-3d17-62b3-7639-bf9bc2f12cf0', '97661597-67fc-4fa8-9195-c45aa9a5b8b9', 12),
('67e8199e-63cd-32a2-8041-16298a76bb64', '13a56893-54aa-45fc-b6a6-5d9d2bec5331', 4),
('68831b60-18d9-3b3c-65f6-9777a5de214b', 'd05ca3a5-8ea0-4ecc-9ff3-5bb3620b6007', 10),
('6898dca0-5b94-15b1-4bee-40eadd5993d6', '79662ea5-99fa-4ddd-8aea-3d2ed3f4218c', 11),
('68a2bbac-1e44-778d-91ea-778aee59fea3', '4469cc5d-f3bb-4b56-a462-39b836ccefa0', 6),
('68af3726-5426-20e6-6d52-ee3684e78c27', '64684ad8-a74b-422c-ac9e-b28b3f27088c', 12),
('68bd398d-6f20-37ae-b735-f63bd3f197bd', '27bb4d0c-d298-4166-ab5b-38bca20ba806', 8),
('6925f150-4f7d-60d4-b9ea-778aee59fea3', 'e3ff775e-600f-4c62-8ce1-de6f1d884758', 11),
('69ab5bc1-4da4-6469-aeea-778aee59fea3', '9ddbae61-3eae-4497-9f99-e99b0006079c', 1),
('69bfa407-77d9-56ae-7c41-16298a76bb64', '13661560-e635-4db1-afd5-80cf1bb62c93', 3),
('69ebb39a-7bfe-5c0c-c0ef-c9d5c2d91e91', 'ef1bde70-d69c-4767-86d3-cb120d9f348e', 12),
('69f7ff19-1577-52b6-b2ef-c9d5c2d91e91', '6fdf5b2d-59a0-42fb-adad-b0cbe7b7cd1e', 11),
('6a38bdbd-3189-7a55-5352-ee3684e78c27', '58bb12dc-59e0-4721-b0b9-54029ef46656', 9),
('6ac5172f-18f9-1bd5-68ee-40eadd5993d6', 'b532d431-ab4b-4cd8-a35e-3be91db6e7fd', 6),
('6b18a50b-5430-406b-8207-7f62680bb1a0', '60e07297-df70-4daf-b958-8ade30e34e54', 2),
('6b4d1f40-718e-7144-c2ef-c9d5c2d91e91', '0b9260ab-45fb-4633-928d-df925e247431', 9),
('6b4dce03-6cab-68a2-a3ef-c9d5c2d91e91', 'ebb74dbf-ca4c-4184-8c29-181e2f0f91b9', 3),
('6bca7691-2a96-5768-7c52-ee3684e78c27', 'e7243e54-070e-44f2-86c6-9bcaf7896c84', 8),
('6c0f2ebd-5219-3d12-8da4-4b24de418577', '8e270b1b-f1d8-45ec-82a1-5052d37a198d', 5),
('6c488b33-3454-6855-9541-16298a76bb64', '901dad83-545e-4be4-a15e-9ea203e871bb', 12),
('6c93610c-1445-3766-5f07-70859f4ff30d', 'a8de21c4-0f41-4aed-a669-9a625689f0cd', 8),
('6d12e13d-28a7-7d5e-61f6-9777a5de214b', 'e07a1a60-c2e1-4d4b-be6e-e06f22a4d801', 7),
('6db7cf22-35b6-758a-d135-f63bd3f197bd', '7ba7210d-f12c-4398-87bb-56da99fc4da2', 7),
('6df1610a-1347-4b82-9241-16298a76bb64', '34744eeb-4a2a-4585-822d-a172f0b8c569', 7),
('6e76a6f4-3d99-582b-7ea4-4b24de418577', 'c74eea8c-66d5-4d67-958c-ececedd7718f', 11),
('6ebb4353-2c53-449b-8641-16298a76bb64', '56a109df-d93d-4dd6-a5a4-a48ea84a7776', 12),
('6efbee5c-7d00-5ca5-8741-16298a76bb64', 'f5477909-d7ec-4eb9-be98-8d9c087a7c1f', 11),
('6f65903d-1c7c-3159-bcef-c9d5c2d91e91', 'da6128e0-229d-41bf-a840-1560c0122d97', 4),
('6fa4b5ef-3555-5ad5-96ef-c9d5c2d91e91', 'ff82ba39-fb91-4cb5-9be0-954c93c75bd0', 5),
('6fb56479-6691-7887-5af6-9777a5de214b', '4e07c9e8-5810-4503-92ac-3f37aeec7fde', 8),
('6ff3e53f-78bb-3aa0-6639-bf9bc2f12cf0', '1a5fd3a7-9a81-490d-9cec-dfad08ffc39a', 5),
('6fff75e9-6d7b-4228-7541-16298a76bb64', '814c52a1-4855-4e31-af20-7375a9ff6273', 4),
('700d5133-2da4-6f64-57ee-40eadd5993d6', '14066fba-01b5-4db6-9fd3-440426186f1c', 1),
('7020d495-4bd6-4097-6039-bf9bc2f12cf0', '0c50e534-36fd-4c7a-9b9e-87781830de4e', 10),
('7086fa1d-adf2-4a35-b471-794dae008b1c', '60e07297-df70-4daf-b958-8ade30e34e54', 3),
('7093ec59-33b3-6533-8ca4-4b24de418577', 'cfb0afb4-d7a6-4d19-9f3b-74d3d99776ff', 8),
('70e73ca6-443f-46d0-76f6-9777a5de214b', '42108f6d-fad2-4da2-881c-c826a2c89d30', 9),
('71738f5c-6c1c-7cb5-9aa4-4b24de418577', '3d444c23-f5bc-4ea0-82ff-4331e615fed6', 11),
('727fde46-7d63-5eb9-8d39-bf9bc2f12cf0', 'fd874bcb-83f2-4e49-b8ab-c52bf5ccf86f', 5),
('72893a69-6927-7f5c-a7ef-c9d5c2d91e91', 'badffc7c-7bf3-4d62-9764-46bcf7312982', 11),
('728cfc9b-5f5d-4abe-94ea-778aee59fea3', '5253cc74-ffeb-452a-9494-a96fe46fdee3', 2),
('7292b0a7-708e-7a01-7d41-16298a76bb64', 'bcd6ee56-156e-495b-864e-5e4fadc81ddf', 6),
('72a6b0db-3043-73f9-95ea-778aee59fea3', '7979c176-f7e6-4cef-ac22-a9e669af4b76', 8),
('731dca98-5f3f-1117-93ea-778aee59fea3', '5d1cc38a-edcb-4494-92db-67bce905a29e', 10),
('732b7757-1c7c-638e-b9ef-c9d5c2d91e91', '51650942-fe0c-4b4f-b93b-78853ff2e500', 10),
('738d8a28-5c43-59ff-a0ea-778aee59fea3', 'ba93b90f-4447-4553-b662-847d35064b0f', 4),
('73a25478-1919-4aa1-6452-ee3684e78c27', '06c6239f-03c8-45c5-be9b-78dd0eb16f8b', 12),
('73bf7781-5842-4454-5707-70859f4ff30d', '37bc09bd-3e1a-4a13-8fb1-3a97332ba0ba', 7),
('73cc7c94-6751-1df8-c5ef-c9d5c2d91e91', 'b6f0a284-7895-4aa0-866d-f47079fd0537', 12),
('7491c9a2-3b3c-409c-6c41-16298a76bb64', 'f182e72c-5836-4aa9-9f92-ad5a1872c76d', 12),
('74aa8324-3d7b-39fd-6f39-bf9bc2f12cf0', '5253cc74-ffeb-452a-9494-a96fe46fdee3', 7),
('759cd670-358b-22e0-9eea-778aee59fea3', '79d46e39-47b7-4868-b8b0-9b6352396ef4', 1),
('75c4e17d-27a4-4e33-b6e8-3d5821795143', '60e07297-df70-4daf-b958-8ade30e34e54', 1),
('75c68548-482a-6cfb-5bee-40eadd5993d6', 'd937f671-8bd8-49d6-b1bd-5c1f9903c35d', 6),
('75f8d952-3373-598b-6b52-ee3684e78c27', '82599864-66cb-4441-8e76-fc3e0fba3bb4', 1),
('75fdcb49-30b1-57f4-99ef-c9d5c2d91e91', '42108f6d-fad2-4da2-881c-c826a2c89d30', 6),
('76eac915-1549-4b10-7d39-bf9bc2f12cf0', '5fd0c428-c2c9-47ca-ac1c-1b8d7bb68bad', 9),
('77108b6a-4bf8-7f0c-5507-70859f4ff30d', '277b438f-8927-4c79-b558-f09f985ec731', 7),
('77836e4a-1b84-363d-6ef6-9777a5de214b', '409efb8d-4316-4e11-9b5c-c8c5ef7aee6b', 6),
('779579c4-5994-254b-7fa4-4b24de418577', '21c84d54-77cc-4435-b396-c7a58dd0bf33', 4),
('77b7a28d-5a73-7189-8ea4-4b24de418577', 'cca4c02f-fc6b-4cdc-8d20-fe90f4a643de', 1),
('77ee4f89-6f17-120b-96ea-778aee59fea3', '4efbe223-a970-4d2d-982a-f818093382f4', 10),
('77f78747-5b57-777c-abef-c9d5c2d91e91', 'f0352b88-ca94-41e0-95a1-b6b5fc0dc945', 4),
('7866971c-3961-2132-b7ea-778aee59fea3', 'cf75e1ea-c384-4711-a78c-cb5950f3e64b', 6),
('78abfbf1-6911-218a-79ee-40eadd5993d6', '5edf6bdb-2575-45d7-93ed-4c970bdf08b4', 9),
('78f3f9ca-78ba-1f8c-6152-ee3684e78c27', '84644ac6-5a10-463f-b952-921ae15b30e4', 7),
('79a1482b-11e6-1e57-adef-c9d5c2d91e91', '7a117173-74cc-47c3-b3ac-10f3f688b6cc', 7),
('79ff098f-275e-37b2-77f6-9777a5de214b', '2d89aa3a-bd54-41fc-bf6d-ac85fcd45284', 6),
('7a03a4aa-5360-6f31-c1ef-c9d5c2d91e91', 'bdb28cbb-af37-4bd5-b4e9-f6cf5d22e198', 5),
('7a0a190a-593d-761c-6b39-bf9bc2f12cf0', '93f5e0a6-efea-42e7-9d24-4877cb543a3d', 1),
('7a2e5fbb-5264-76c8-5a52-ee3684e78c27', '126931be-1e7c-43e4-9866-722e957596f0', 7),
('7a52457e-551f-1a6d-5652-ee3684e78c27', 'e67629ba-c704-4c37-8a7d-2ac7a597aba0', 11),
('7a52f845-7972-705a-7352-ee3684e78c27', 'cca4c02f-fc6b-4cdc-8d20-fe90f4a643de', 6),
('7a840a5b-1b82-6f58-9bea-778aee59fea3', '9da0813b-3986-4a54-9b04-81a09e1584a9', 4),
('7abe8a38-52e2-1fb6-4107-70859f4ff30d', '36eb6c83-9861-4aa9-8cb8-a70a7ef7f451', 12),
('7ad481c8-65b5-13a5-6d41-16298a76bb64', 'ba0e578a-2bc4-4c8d-ac4e-347754c78856', 11),
('7afa340c-29d9-2846-7da4-4b24de418577', '90a7a694-e3ea-4b51-859e-8397bc8a5733', 10),
('7b17edbe-338a-25e3-53f6-9777a5de214b', 'f182e72c-5836-4aa9-9f92-ad5a1872c76d', 8),
('7b67bb17-3f8e-1270-7c39-bf9bc2f12cf0', '50137b56-1641-420d-bda5-c14a6734f8e7', 2),
('7b9419cf-4f8b-3a7a-59ee-40eadd5993d6', '5e1388c4-efd7-4aaa-a179-c6ef2117af0e', 12),
('7bb7a68f-2775-48d9-7b39-bf9bc2f12cf0', '66ecb93d-1362-4115-8ac1-b5704b7df715', 12),
('7c0e7ce9-5027-65fd-7941-16298a76bb64', '56513816-e84c-4fd1-908f-9247840d6311', 7),
('7c2215a9-1de3-1273-9fa4-4b24de418577', '2a1e4e5b-5c14-4f4a-b379-b227b7142882', 11),
('7ce0344e-4056-1111-50f6-9777a5de214b', '18b23f31-a7e5-4f3e-a2d0-89f8c1aa9b5e', 11),
('7dbd8679-5ab3-3716-a3a4-4b24de418577', 'e57060f1-ba32-4f77-b04e-edce743f2e01', 7),
('7dc98e8b-5f9e-246d-5752-ee3684e78c27', '426f5832-3b10-434c-8b5e-ac137f06eece', 6),
('7de9c3e4-48d3-3dbc-63ee-40eadd5993d6', '389331db-ad2d-45bb-ba50-6ea31b7970d1', 9),
('7dee6d6c-43a1-3d64-6cf6-9777a5de214b', '7080afd2-ef09-4d65-9862-a9d13aa703f8', 10),
('7e242a47-4f8c-5e5b-5952-ee3684e78c27', 'bedf02a6-b79e-4b1f-9231-c20f49284c97', 6),
('7e26cadc-462a-23e9-73ee-40eadd5993d6', '81b20493-4f55-46db-a55e-dcfdad159d7b', 8),
('7eeaf112-2f06-16eb-a3ea-778aee59fea3', 'a4e1f4fa-923b-4120-bed4-df89fff4e6ec', 2),
('7eed04c5-26f4-2ecd-6952-ee3684e78c27', '9c7b0945-48d9-403f-a97f-37117a842c25', 2),
('7f163f99-68ce-3636-d235-f63bd3f197bd', 'fe9e7d7c-2c72-4d92-b7f7-516c89bb4524', 3),
('7f3d7587-683e-7583-6f41-16298a76bb64', 'd9af5e74-a953-42d9-8c2e-1be828c27863', 8),
('7f7a6256-757c-2861-51ee-40eadd5993d6', '2d74cce6-fdcd-48cc-a39f-05e2ccc72d3b', 4),
('81881e21-a12c-4b12-b987-a2f68fa7eb78', '294e0de2-9a6f-47de-bb50-f4f8c6fa4f0e', 10),
('85f40788-5290-4e9e-afc3-ac39ed4715c5', '294e0de2-9a6f-47de-bb50-f4f8c6fa4f0e', 5),
('bb71123b-6f1d-4d12-a395-122c223a4478', '8cd0294e-449a-4e97-a1a3-f112018065ba', 1),
('c4d54371-9e54-4017-bbf8-e2a1f0bf463d', 'd148fd46-7cc3-4c1f-9cd8-b2c2395a2437', 5),
('c77bc0ea-ce76-4e37-91d2-fa477c43774a', 'dae9eafa-cdbc-4cb2-84ad-ba7e365c81de', 4),
('d364e659-6412-4484-a9c4-606a3d7511f6', 'f45b44ab-91a8-4f93-a42d-8641c949155d', 1),
('dc21d1e4-fc0a-4819-91a9-0ecf5ce8314c', 'd148fd46-7cc3-4c1f-9cd8-b2c2395a2437', 4),
('e1039aa6-4f71-4de3-8356-029fa7d15ef3', '294e0de2-9a6f-47de-bb50-f4f8c6fa4f0e', 4),
('f216fded-2475-4a8a-8d22-941c1ee1efc0', 'd148fd46-7cc3-4c1f-9cd8-b2c2395a2437', 10);

-- 
-- Dumping data for table teacherequimentroom
--
INSERT INTO teacherequimentroom VALUES
('0c5db902-ef53-4738-8ac2-6ffa8d658ee3', 'dae9eafa-cdbc-4cb2-84ad-ba7e365c81de', 1),
('114b715b-430f-74cd-d5c6-21b180c0988f', '206348e7-efa4-4207-952f-bc06f9c7fd03', 4),
('1242d680-4f02-3bbb-9d66-a58ab8ff47ca', '6d20552b-3109-46a5-b7c7-b2c1eb75f9ff', 6),
('13a507d0-342d-6292-6de3-2ceaa9cf3765', '9aca46e6-781b-4a9a-996b-d51a701e51ec', 1),
('1949dae3-4d44-217e-9c66-a58ab8ff47ca', 'c861a3bf-8f06-41b3-934f-d1da231ee4a9', 6),
('1f60e54f-196f-45f3-5498-ae38c5379e4b', '33bf1fa0-e686-4452-9fbc-075d1386f5f0', 2),
('234be17d-3820-7daa-5698-ae38c5379e4b', '34744eeb-4a2a-4585-822d-a172f0b8c569', 4),
('23df2104-50d7-1d9c-eadb-93dede770727', 'c14af6d3-53c8-4de8-a496-42ddf47f110d', 3),
('25a1ce30-4ae1-2133-9f66-a58ab8ff47ca', 'a31c12bf-006c-4290-a590-a0690d7d833b', 6),
('26895d47-1420-68d0-9e66-a58ab8ff47ca', 'a8c0e98a-2c52-4e15-bc26-58373a82f67d', 5),
('2983251a-38a1-4853-944a-c48845f4b6cd', '8cd0294e-449a-4e97-a1a3-f112018065ba', 1),
('298c5887-4d7c-47fa-8b65-f51b5067ad3d', 'dae9eafa-cdbc-4cb2-84ad-ba7e365c81de', 4),
('2ed98b4b-4f60-6e40-5798-ae38c5379e4b', 'c4372f36-b849-472a-a65d-8448cb709fa6', 6),
('3564d2c8-2839-5bf7-851b-27d9d367aeb0', '19baae95-e3b3-4bc4-9ca8-d9d486358723', 2),
('3650c04e-62b1-6908-5598-ae38c5379e4b', '7e21288d-ebe6-43e0-a7ab-2f32b17f0a5e', 3),
('3800012e-758c-1328-861b-27d9d367aeb0', '34744eeb-4a2a-4585-822d-a172f0b8c569', 3),
('47782bc9-1bf1-7c7b-6ee3-2ceaa9cf3765', 'a9dcbd7d-cfc5-4faa-a9e1-d0ca02da4254', 4),
('4782d29d-4baf-7371-d290-152dfadf6d0d', 'b2e8cd55-77de-4a53-a68c-6260ec0a5628', 6),
('4958949d-17c9-454d-841b-27d9d367aeb0', '264b5735-76ab-4f29-b0c0-4a8a9168de7d', 6),
('4c411322-7cb4-657d-6fe3-2ceaa9cf3765', 'abc45c42-9989-4ecf-85eb-59dc6f9f5927', 5),
('525a27ed-9cee-43bd-a01d-1d6126ab3c64', '294e0de2-9a6f-47de-bb50-f4f8c6fa4f0e', 4),
('6827e1c0-5b98-6d19-831b-27d9d367aeb0', '92233ea8-7fa5-4beb-8e4d-d571291ad698', 1),
('6e0dc48e-3eac-6143-9b66-a58ab8ff47ca', '4cfc35ff-fbfc-458a-8ae9-bbff2e0611d8', 6),
('7505567a-df21-431b-a76b-62958fc09531', '8cd0294e-449a-4e97-a1a3-f112018065ba', 2),
('7fa72f44-2825-2b26-d190-152dfadf6d0d', '26e590fb-d7ad-4543-bbcd-b452474d710c', 4),
('82e4503a-dacd-4445-a095-4a7e54a85974', 'd148fd46-7cc3-4c1f-9cd8-b2c2395a2437', 4),
('a13d0297-88cf-4d64-9eec-836110cb1fa3', 'f45b44ab-91a8-4f93-a42d-8641c949155d', 3),
('a5304e24-0338-4b80-bbb8-ed126c7876d9', 'd148fd46-7cc3-4c1f-9cd8-b2c2395a2437', 1),
('c4e21430-df2d-40b0-bd8f-78c62473ad3b', '294e0de2-9a6f-47de-bb50-f4f8c6fa4f0e', 1),
('dc989f33-f9ff-4c93-a60e-ceff48d88f83', 'f45b44ab-91a8-4f93-a42d-8641c949155d', 4),
('e3e45c66-07ec-4570-9679-ae6921e88eb2', '60e07297-df70-4daf-b958-8ade30e34e54', 1),
('f1de4751-358d-4287-98c2-8c0b33b58cdf', '60e07297-df70-4daf-b958-8ade30e34e54', 2);

-- 
-- Restore previous SQL mode
-- 
/*!40101 SET SQL_MODE=@OLD_SQL_MODE */;

-- 
-- Enable foreign keys
-- 
/*!40014 SET FOREIGN_KEY_CHECKS = @OLD_FOREIGN_KEY_CHECKS */;